name,price_level,rating,user_rating_count,business_status,phone,website,google_maps_url,address,latitude,longitude,primary_type,types,opening_hours,source_label,source_query,source_type,source_area,id
Barranco Restaurant & Bar,PRICE_LEVEL_VERY_EXPENSIVE,4.5,138,OPERATIONAL,012 08445555,https://barrancocairo.com/,https://maps.google.com/?cid=10913830107657994032&g_mp=Cidnb29nbGUubWFwcy5wbGFjZXMudjEuUGxhY2VzLlNlYXJjaFRleHQQAhgEIAA,"Cairo - Alexandria Desert Rd, Al Giza Desert, Giza Governorate 3296131, Giza, محافظة الجيزة 12512, Egypt",30.017378700000002,31.073046400000003,restaurant,restaurant; food; point_of_interest; establishment,Monday: 6:00 PM – 1:00 AM | Tuesday: 6:00 PM – 1:00 AM | Wednesday: 6:00 PM – 1:00 AM | Thursday: 6:00 PM – 1:00 AM | Friday: 6:00 PM – 1:00 AM | Saturday: 6:00 PM – 1:00 AM | Sunday: 6:00 PM – 1:00 AM,restaurant,"restaurant in 6th of October City, Giza, Egypt",restaurant,Sheikh Zayed west,ChIJi5G8BKBbWBQRMP_qsai2dZc
ESCĀ CUEVA,PRICE_LEVEL_VERY_EXPENSIVE,2.9,1021,OPERATIONAL,010 66890890,,https://maps.google.com/?cid=3429026570607303012&g_mp=Cidnb29nbGUubWFwcy5wbGFjZXMudjEuUGxhY2VzLlNlYXJjaFRleHQQAhgEIAA,"New Giza Rd, First 6th of October, Giza Governorate 3293400, Egypt",30.0212108,31.051544499999995,restaurant,restaurant; food; point_of_interest; establishment,Monday: 1:00 PM – 1:00 AM | Tuesday: 1:00 PM – 1:00 AM | Wednesday: 1:00 PM – 1:00 AM | Thursday: 1:00 PM – 2:00 AM | Friday: 1:00 PM – 2:00 AM | Saturday: 1:00 PM – 1:00 AM | Sunday: 1:00 PM – 1:00 AM,restaurant,"restaurant in 6th of October City, Giza, Egypt",restaurant,6 October core,ChIJ1zu47PdbWBQRZJlsin9Zli8
The Tap West,PRICE_LEVEL_EXPENSIVE,4.3,1501,OPERATIONAL,010 60000867,https://www.thetap.co/,https://maps.google.com/?cid=2103844481789951413&g_mp=Cidnb29nbGUubWFwcy5wbGFjZXMudjEuUGxhY2VzLlNlYXJjaFRleHQQAhgEIAA,"26th of July Corridor, First Al Sheikh Zayed, Giza Governorate 12578, Egypt",30.017205500000003,31.000775100000002,bar_and_grill,bar_and_grill; bar; restaurant; food; point_of_interest; establishment,Monday: 4:00 PM – 1:00 AM | Tuesday: 4:00 PM – 1:00 AM | Wednesday: 4:00 PM – 1:00 AM | Thursday: 4:00 PM – 2:00 AM | Friday: 2:00 PM – 2:00 AM | Saturday: 2:00 PM – 1:00 AM | Sunday: 4:00 PM – 1:00 AM,restaurant,"restaurant in 6th of October City, Giza, Egypt",restaurant,6 October core,ChIJv8kCiNNbWBQRtX3B12hbMh0
Miss Li Lee's,PRICE_LEVEL_EXPENSIVE,4.2,179,OPERATIONAL,010 50010632,https://www.ihg.com/crowneplaza/hotels/us/en/cairo/caisz/hoteldetail/dining,https://maps.google.com/?cid=4562987326840326883&g_mp=Cidnb29nbGUubWFwcy5wbGFjZXMudjEuUGxhY2VzLlNlYXJjaFRleHQQAhgEIAA,"Plot 29, Arkan Plaza Zayed Entrance, 2 26th of July Corridor, First Al Sheikh Zayed, Giza Governorate 12588, Egypt",30.0209973,31.004940899999998,asian_restaurant,asian_restaurant; restaurant; food; point_of_interest; establishment,Monday: 1:00 PM – 3:00 AM | Tuesday: 1:00 PM – 3:00 AM | Wednesday: 1:00 PM – 3:00 AM | Thursday: 1:00 PM – 3:00 AM | Friday: 1:00 PM – 3:00 AM | Saturday: 1:00 PM – 3:00 AM | Sunday: 1:00 PM – 3:00 AM,restaurant,"restaurant in 6th of October City, Giza, Egypt",restaurant,6 October core,ChIJpXMb3CVbWBQR40rtSsz8Uj8
Hatchi Specialty Coffee,PRICE_LEVEL_MODERATE,5,21,OPERATIONAL,010 90848445,https://hatchicoffee.com/,https://maps.google.com/?cid=3874238891257493007&g_mp=Cidnb29nbGUubWFwcy5wbGFjZXMudjEuUGxhY2VzLlNlYXJjaFRleHQQAhgEIAA,"Eden Plaza, First Al Sheikh Zayed, Giza Governorate 12525, Egypt",30.0251588,30.990312,coffee_shop,coffee_shop; coffee_stand; coffee_roastery; cafe; food_store; food; store; point_of_interest; establishment,Monday: 4:00 PM – 12:01 AM | Tuesday: 4:00 PM – 12:01 AM | Wednesday: 4:00 PM – 12:01 AM | Thursday: 4:00 PM – 12:01 AM | Friday: 4:00 PM – 12:01 AM | Saturday: 4:00 PM – 12:01 AM | Sunday: 4:00 PM – 12:01 AM,strict cafe,"coffee shop in Sheikh Zayed City, Giza, Egypt",cafe,Capital Business Park / Zayed,ChIJAT9aEwBbWBQRD_ZnuL4PxDU
Koffee Kulture,PRICE_LEVEL_MODERATE,4.9,1103,OPERATIONAL,010 32759275,https://koffee-kulture.com/,https://maps.google.com/?cid=9881385998207430304&g_mp=Cidnb29nbGUubWFwcy5wbGFjZXMudjEuUGxhY2VzLlNlYXJjaFRleHQQAhgEIAA,"Ivory Business Park, Second Al Sheikh Zayed, Giza Governorate 3240102, Egypt",30.0805235,30.957530999999996,coffee_shop,coffee_shop; cafe; food_store; store; food; point_of_interest; establishment,Monday: 7:30 AM – 11:45 PM | Tuesday: 7:30 AM – 11:45 PM | Wednesday: 7:30 AM – 11:45 PM | Thursday: 7:30 AM – 11:45 PM | Friday: 7:30 AM – 11:45 PM | Saturday: 7:30 AM – 11:45 PM | Sunday: 7:30 AM – 11:45 PM,strict cafe,"cafe in Sheikh Zayed City, Giza, Egypt",cafe,6 October core,ChIJe56XSP1ZWBQRoC6sJza8IYk
1980 Coffee,PRICE_LEVEL_MODERATE,4.9,509,OPERATIONAL,,,https://maps.google.com/?cid=15090505350007601947&g_mp=Cidnb29nbGUubWFwcy5wbGFjZXMudjEuUGxhY2VzLlNlYXJjaFRleHQQAhgEIAA,"Park St. west, First Al Sheikh Zayed, Giza Governorate 19519, Egypt",30.025418300000002,31.011454899999997,coffee_shop,coffee_shop; cafe; food_store; store; food; point_of_interest; establishment,Monday: 8:30 AM – 12:30 AM | Tuesday: 8:30 AM – 12:30 AM | Wednesday: 8:30 AM – 12:30 AM | Thursday: 8:30 AM – 12:30 AM | Friday: 8:30 AM – 12:30 AM | Saturday: 8:30 AM – 12:30 AM | Sunday: 8:30 AM – 12:30 AM,strict cafe,"coffee shop in Sheikh Zayed City, Giza, Egypt",cafe,Arkan / Americana Plaza,ChIJCQSBUABbWBQRG7tVtKk-bNE
Nazim Coffee,PRICE_LEVEL_MODERATE,4.9,345,OPERATIONAL,012 73334636,https://nazim.coffee/,https://maps.google.com/?cid=15817106438303971222&g_mp=Cidnb29nbGUubWFwcy5wbGFjZXMudjEuUGxhY2VzLlNlYXJjaFRleHQQAhgEIAA,"Westown Hub, Beverly Hills, Second Al Sheikh Zayed, Giza Governorate 3240061, Egypt",30.0737822,30.9461364,coffee_shop,coffee_shop; cafe; food_store; food; store; point_of_interest; establishment,Monday: 7:00 AM – 3:00 AM | Tuesday: 7:00 AM – 3:00 AM | Wednesday: 7:00 AM – 3:00 AM | Thursday: 7:00 AM – 3:00 AM | Friday: 7:00 AM – 3:00 AM | Saturday: 7:00 AM – 3:00 AM | Sunday: 7:00 AM – 3:00 AM,strict cafe,"coffee shop in Sheikh Zayed City, Giza, Egypt",cafe,Capital Business Park / Zayed,ChIJzeyO8ABZWBQRlvemxYCmgds
Dancing Goat Coffee - Galleria 40,PRICE_LEVEL_MODERATE,4.9,286,OPERATIONAL,011 11473155,https://www.dancinggoat.coffee/,https://maps.google.com/?cid=3318163301574864983&g_mp=Cidnb29nbGUubWFwcy5wbGFjZXMudjEuUGxhY2VzLlNlYXJjaFRleHQQAhgEIAA,"26th of July Corridor, First Al Sheikh Zayed, Giza Governorate 12578, Egypt",30.0168031,31.0008803,coffee_shop,coffee_shop; cafe; food_store; food; store; point_of_interest; establishment,Monday: 7:00 AM – 12:00 AM | Tuesday: 7:00 AM – 12:00 AM | Wednesday: 7:00 AM – 12:00 AM | Thursday: 7:00 AM – 12:00 AM | Friday: 7:00 AM – 12:00 AM | Saturday: 7:00 AM – 12:00 AM | Sunday: 7:00 AM – 12:00 AM,strict cafe,"coffee shop in Sheikh Zayed City, Giza, Egypt",cafe,Capital Business Park / Zayed,ChIJTR-wToVbWBQRV3AbQfF7DC4
Koffee Kulture,PRICE_LEVEL_MODERATE,4.9,257,OPERATIONAL,,,https://maps.google.com/?cid=2053036018490675966&g_mp=Cidnb29nbGUubWFwcy5wbGFjZXMudjEuUGxhY2VzLlNlYXJjaFRleHQQAhgEIAA,"Trivium Mall, First Al Sheikh Zayed, Giza Governorate 3244530, Egypt",30.0259465,31.009501699999994,coffee_shop,coffee_shop; cafe; food_store; food; store; point_of_interest; establishment,Monday: 7:30 AM – 11:30 PM | Tuesday: 7:30 AM – 11:30 PM | Wednesday: 7:30 AM – 11:30 PM | Thursday: 7:30 AM – 11:30 PM | Friday: 7:30 AM – 11:30 PM | Saturday: 7:30 AM – 11:30 PM | Sunday: 7:30 AM – 11:45 PM,strict cafe,"coffee shop in Sheikh Zayed City, Giza, Egypt",cafe,Capital Business Park / Zayed,ChIJA7kz2chbWBQR_hI4oWHZfRw
Double dose coffee,PRICE_LEVEL_MODERATE,4.9,32,OPERATIONAL,010 39541423,http://doubledosecoffee.com/,https://maps.google.com/?cid=14668789479899399286&g_mp=Cidnb29nbGUubWFwcy5wbGFjZXMudjEuUGxhY2VzLlNlYXJjaFRleHQQAhgEIAA,"22G6+R7G, El-Bostan, First Al Sheikh Zayed, Giza Governorate 3244533, Egypt",30.027407600000004,31.010843699999995,coffee_shop,coffee_shop; cafe; food_store; store; food; point_of_interest; establishment,Monday: 8:00 AM – 12:00 AM | Tuesday: 8:00 AM – 12:00 AM | Wednesday: 8:00 AM – 12:00 AM | Thursday: 8:00 AM – 12:00 AM | Friday: 8:00 AM – 1:00 AM | Saturday: 8:00 AM – 12:00 AM | Sunday: 8:00 AM – 12:00 AM,strict cafe,"coffee shop in Sheikh Zayed City, Giza, Egypt",cafe,6 October core,ChIJ-eILBgBbWBQRdgRkOlACkss
Koffee Kulture,PRICE_LEVEL_MODERATE,4.8,8432,OPERATIONAL,012 24424221,https://koffee-kulture.com/,https://maps.google.com/?cid=9194584562682310519&g_mp=Cidnb29nbGUubWFwcy5wbGFjZXMudjEuUGxhY2VzLlNlYXJjaFRleHQQAhgEIAA,"Arkan Plaza, First Al Sheikh Zayed, Giza Governorate 12556, Egypt",30.0196583,31.0043908,coffee_shop,coffee_shop; cafe; food_store; store; food; point_of_interest; establishment,Monday: 7:30 AM – 11:45 PM | Tuesday: 7:30 AM – 11:45 PM | Wednesday: 7:30 AM – 11:45 PM | Thursday: 7:30 AM – 11:45 PM | Friday: 7:30 AM – 11:45 PM | Saturday: 7:30 AM – 11:45 PM | Sunday: 7:30 AM – 11:45 PM,strict cafe,"cafe in Sheikh Zayed City, Giza, Egypt",cafe,6 October core,ChIJYxdRlJhbWBQRdy_42_G5mX8
1980 coffee,PRICE_LEVEL_MODERATE,4.8,2262,OPERATIONAL,,,https://maps.google.com/?cid=15375390641367566867&g_mp=Cidnb29nbGUubWFwcy5wbGFjZXMudjEuUGxhY2VzLlNlYXJjaFRleHQQAhgEIAA,"Galleria 40 sheikh Zayed, أول الشيخ زايد، محافظة الجيزة 3242302, Egypt",30.0162626,31.001107,coffee_shop,coffee_shop; cafe; food_store; food; store; point_of_interest; establishment,Monday: 8:00 AM – 12:00 AM | Tuesday: 8:00 AM – 12:00 AM | Wednesday: 8:00 AM – 12:00 AM | Thursday: 8:00 AM – 12:00 AM | Friday: 8:00 AM – 12:00 AM | Saturday: 8:00 AM – 12:00 AM | Sunday: 8:00 AM – 12:00 AM,strict cafe,"coffee shop in Sheikh Zayed City, Giza, Egypt",cafe,Capital Business Park / Zayed,ChIJrRTGeQBbWBQRE0qUdVNcYNU
Beans&Brew,PRICE_LEVEL_MODERATE,4.8,826,OPERATIONAL,015 03431388,https://www.facebook.com/beansbrew.eg,https://maps.google.com/?cid=2455347693117673718&g_mp=Cidnb29nbGUubWFwcy5wbGFjZXMudjEuUGxhY2VzLlNlYXJjaFRleHQQAhgEIAA,"33 AlHaram Street, Mashaal, نزلة السمان، الهرم، محافظة الجيزة 12345, Egypt",29.986666900000003,31.141664700000003,coffee_shop,coffee_shop; cafe; food_store; food; store; point_of_interest; establishment,Monday: 8:00 AM – 2:00 AM | Tuesday: 8:00 AM – 2:00 AM | Wednesday: 8:00 AM – 2:00 AM | Thursday: 8:00 AM – 2:00 AM | Friday: 8:00 AM – 2:00 AM | Saturday: 8:00 AM – 2:00 AM | Sunday: 8:00 AM – 2:00 AM,strict cafe,"coffee shop in Sheikh Zayed City, Giza, Egypt",cafe,6 October core,ChIJYxEvCb9FWBQR9pBayLclEyI
The Vibe,PRICE_LEVEL_MODERATE,4.8,417,OPERATIONAL,010 44007712,,https://maps.google.com/?cid=12169596562805671942&g_mp=Cidnb29nbGUubWFwcy5wbGFjZXMudjEuUGxhY2VzLlNlYXJjaFRleHQQAhgEIAA,"2XW3+X49, Second Al Sheikh Zayed, Giza Governorate 3250740, Egypt",30.047437499999997,30.952812500000004,restaurant,restaurant; cafe; association_or_organization; food; point_of_interest; establishment,,strict cafe,كافيهات 6 أكتوبر,cafe,6 October core,ChIJXdj7wRRZWBQRBsjYuZgX46g
Brunch Restaurant & Cafe,PRICE_LEVEL_MODERATE,4.6,600,OPERATIONAL,010 20061111,https://linktr.ee/Brunch.eg,https://maps.google.com/?cid=4316928667724829534&g_mp=Cidnb29nbGUubWFwcy5wbGFjZXMudjEuUGxhY2VzLlNlYXJjaFRleHQQAhgEIAA,"First 6th of October, Giza Governorate 3233404, Egypt",29.9716111,30.961302999999994,restaurant,restaurant; cafe; point_of_interest; food; establishment,Monday: 8:30 AM – 2:00 AM | Tuesday: 8:30 AM – 2:00 AM | Wednesday: 8:30 AM – 2:00 AM | Thursday: 8:30 AM – 2:00 AM | Friday: 8:30 AM – 2:00 AM | Saturday: 8:30 AM – 2:00 AM | Sunday: 8:30 AM – 2:00 AM,strict cafe,"cafe in 6th of October City, Giza, Egypt",cafe,6 October core,ChIJ947N26dXWBQRXlNwUMDP6Ds
CAVA Palm Hills,PRICE_LEVEL_MODERATE,4.6,350,OPERATIONAL,012 26428000,,https://maps.google.com/?cid=11636303316136347873&g_mp=Cidnb29nbGUubWFwcy5wbGFjZXMudjEuUGxhY2VzLlNlYXJjaFRleHQQAhgEIAA,"Unnamed Road, 2249+52M، قسم أول 6 أكتوبر، محافظة الجيزة 3292420, Egypt",30.005466600000002,31.017546799999998,cafe,cafe; food; point_of_interest; establishment,Monday: 10:00 AM – 1:00 AM | Tuesday: 10:00 AM – 1:00 AM | Wednesday: 10:00 AM – 1:00 AM | Thursday: 10:00 AM – 1:00 AM | Friday: 10:00 AM – 1:00 AM | Saturday: 10:00 AM – 1:00 AM | Sunday: 10:00 AM – 1:00 AM,strict cafe,"coffee shop in 6th of October City, Giza, Egypt",cafe,Sheikh Zayed west,ChIJbeHGVpNRWBQR4cgB2TZ0fKE
"Bean N’ Bun, Al Guezira Plaza",PRICE_LEVEL_MODERATE,4.6,259,OPERATIONAL,012 86888856,https://www.beannbuneg.com/,https://maps.google.com/?cid=5241764727139575106&g_mp=Cidnb29nbGUubWFwcy5wbGFjZXMudjEuUGxhY2VzLlNlYXJjaFRleHQQAhgEIAA,"Plot 33, 6th Neighborhood, 4th District, El Sheikh Zayed, in 6th of October City, أول الشيخ زايد، محافظة الجيزة 3242304, Egypt",30.0198418,31.0022768,coffee_shop,coffee_shop; cafe; food_store; store; food; point_of_interest; establishment,Monday: 7:00 AM – 12:00 AM | Tuesday: 7:00 AM – 12:00 AM | Wednesday: 7:00 AM – 12:00 AM | Thursday: 7:00 AM – 12:00 AM | Friday: 8:00 AM – 1:00 AM | Saturday: 8:00 AM – 1:00 AM | Sunday: 7:00 AM – 1:00 AM,strict cafe,"cafe in Sheikh Zayed City, Giza, Egypt",cafe,Arkan / Americana Plaza,ChIJzyV1h4xbWBQRQqVTTT99vkg
Cloud nine specialty coffee,PRICE_LEVEL_MODERATE,4.6,210,OPERATIONAL,010 00639806,https://instagram.com/cloudnine_eg?igshid=YmMyMTA2M2Y=,https://maps.google.com/?cid=9745271742197985715&g_mp=Cidnb29nbGUubWFwcy5wbGFjZXMudjEuUGxhY2VzLlNlYXJjaFRleHQQAhgEIAA,"Al Shabab Rd, Street, Second Al Sheikh Zayed, Giza Governorate 3244101, Egypt",30.0355391,30.9868639,coffee_shop,coffee_shop; cafe; food_store; store; food; point_of_interest; establishment,Monday: 7:00 AM – 1:00 AM | Tuesday: 7:00 AM – 1:00 AM | Wednesday: 7:00 AM – 1:00 AM | Thursday: 7:00 AM – 1:00 AM | Friday: 1:00 PM – 1:00 AM | Saturday: 7:00 AM – 1:00 AM | Sunday: 7:00 AM – 1:00 AM,strict cafe,"cafe in Sheikh Zayed City, Giza, Egypt",cafe,6 October core,ChIJt2aWlFVZWBQRs_FcUQQpPoc
Drip Coffee,PRICE_LEVEL_MODERATE,4.6,129,OPERATIONAL,015 55500066,https://www.instagram.com/dripcoffee.eg?igsh=MWRnajN2cjMyNTRlNg==,https://maps.google.com/?cid=1784534123989791928&g_mp=Cidnb29nbGUubWFwcy5wbGFjZXMudjEuUGxhY2VzLlNlYXJjaFRleHQQAhgEIAA,"26th of July Corridor, First Al Sheikh Zayed, Giza Governorate 3248010, Egypt",30.035180799999996,31.0297086,coffee_shop,coffee_shop; cafe; food_store; food; store; point_of_interest; establishment,Monday: 8:00 AM – 1:00 AM | Tuesday: 8:00 AM – 1:00 AM | Wednesday: 8:00 AM – 1:00 AM | Thursday: 8:00 AM – 1:00 AM | Friday: 8:00 AM – 1:00 AM | Saturday: 8:00 AM – 1:00 AM | Sunday: 8:00 AM – 1:00 AM,strict cafe,"coffee shop in Sheikh Zayed City, Giza, Egypt",cafe,Capital Business Park / Zayed,ChIJlfYKuUxbWBQRuHT5tVTwwxg
CAF,PRICE_LEVEL_MODERATE,4.6,20,OPERATIONAL,012 88355263,https://www.cafcafeeg.com/,https://maps.google.com/?cid=14561523890165172888&g_mp=Cidnb29nbGUubWFwcy5wbGFjZXMudjEuUGxhY2VzLlNlYXJjaFRleHQQAhgEIAA,"Giza EL Wasl Road 2, Second Al Sheikh Zayed, Giza Governorate 3387722, Egypt",30.046024100000004,30.9991387,cafe,cafe; food; point_of_interest; establishment,Monday: 10:00 AM – 11:00 PM | Tuesday: 10:00 AM – 11:00 PM | Wednesday: 10:00 AM – 11:00 PM | Thursday: 10:00 AM – 12:00 AM | Friday: 10:00 AM – 12:00 AM | Saturday: 10:00 AM – 11:00 PM | Sunday: 10:00 AM – 11:00 PM,strict cafe,"cafe in Sheikh Zayed City, Giza, Egypt",cafe,6 October core,ChIJF-MzzqxbWBQRmMqo7dPsFMo
CAF Cafe - Park St.,PRICE_LEVEL_MODERATE,4.5,822,OPERATIONAL,012 00087334,https://www.cafcafeeg.com/,https://maps.google.com/?cid=3315623483288870329&g_mp=Cidnb29nbGUubWFwcy5wbGFjZXMudjEuUGxhY2VzLlNlYXJjaFRleHQQAhgEIAA,"Park St, البستان، ثاني الشيخ زايد، محافظة الجيزة 3245504, Egypt",30.025773,31.0106851,cafe,cafe; food; point_of_interest; establishment,Monday: 7:00 AM – 12:00 AM | Tuesday: 7:00 AM – 12:00 AM | Wednesday: 7:00 AM – 12:00 AM | Thursday: 7:00 AM – 1:00 AM | Friday: 7:00 AM – 1:00 AM | Saturday: 7:00 AM – 12:00 AM | Sunday: 7:00 AM – 12:00 AM,strict cafe,"cafe in Sheikh Zayed City, Giza, Egypt",cafe,6 October core,ChIJEXJPAhRbWBQRuV1guv11Ay4
Krispy Kreme | Americana Plaza Sheikh Zayed,PRICE_LEVEL_MODERATE,4.5,617,OPERATIONAL,,https://www.americanarestaurants.com/,https://maps.google.com/?cid=11095917994547892603&g_mp=Cidnb29nbGUubWFwcy5wbGFjZXMudjEuUGxhY2VzLlNlYXJjaFRleHQQAhgEIAA,"Americana Plaza Mall, First Al Sheikh Zayed, Giza Governorate 3245504, Egypt",30.0281193,31.0131162,donut_shop,donut_shop; coffee_shop; bakery; food_store; cafe; food; point_of_interest; store; establishment,Monday: 9:00 AM – 2:00 AM | Tuesday: 9:00 AM – 2:00 AM | Wednesday: 9:00 AM – 2:00 AM | Thursday: 9:00 AM – 2:00 AM | Friday: 9:00 AM – 2:00 AM | Saturday: 9:00 AM – 2:00 AM | Sunday: 9:00 AM – 2:00 AM,strict cafe,"premium cafe in 6th of October City, Giza, Egypt",cafe,6 October core,ChIJf-IwcEtbWBQRe1HkmaCe_Jk
Beanstalk,PRICE_LEVEL_MODERATE,4.5,575,OPERATIONAL,012 23850040,http://www.beanstalkegypt.com/,https://maps.google.com/?cid=11446759645549460158&g_mp=Cidnb29nbGUubWFwcy5wbGFjZXMudjEuUGxhY2VzLlNlYXJjaFRleHQQAhgEIAA,"Eden Mall, Al Gazira, St, First Al Sheikh Zayed, Giza Governorate 12588, Egypt",30.025110899999998,30.990736499999997,coffee_shop,coffee_shop; cafe; food_store; store; food; point_of_interest; establishment,Monday: 9:00 AM – 2:00 AM | Tuesday: 9:00 AM – 2:00 AM | Wednesday: 9:00 AM – 2:00 AM | Thursday: 9:00 AM – 2:00 AM | Friday: 9:00 AM – 2:00 AM | Saturday: 9:00 AM – 2:00 AM | Sunday: 9:00 AM – 2:00 AM,strict cafe,"cafe in Sheikh Zayed City, Giza, Egypt",cafe,Arkan / Americana Plaza,ChIJH-aHtRJbWBQRvnpABkAP254
illy,PRICE_LEVEL_MODERATE,4.5,427,OPERATIONAL,,,https://maps.google.com/?cid=4796981461024953029&g_mp=Cidnb29nbGUubWFwcy5wbGFjZXMudjEuUGxhY2VzLlNlYXJjaFRleHQQAhgEIAA,"2275+62, First 6th of October, Giza Governorate 3292310, Egypt",30.053285,30.944500599999998,coffee_shop,coffee_shop; cafe; food_store; store; food; point_of_interest; establishment,Monday: 8:00 AM – 12:00 AM | Tuesday: 8:00 AM – 12:00 AM | Wednesday: 8:00 AM – 12:00 AM | Thursday: 8:00 AM – 12:00 AM | Friday: 8:00 AM – 12:00 AM | Saturday: 8:00 AM – 12:00 AM | Sunday: 8:00 AM – 1:00 AM,strict cafe,"coffee shop in Sheikh Zayed City, Giza, Egypt",cafe,6 October core,ChIJoecLEABZWBQRxdKGKjlNkkI
Cugino “ Resturant & Cafe ”,PRICE_LEVEL_MODERATE,4.5,285,OPERATIONAL,010 24388677,https://www.facebook.com/cugino.restuarant.cafe/,https://maps.google.com/?cid=13603784963346373807&g_mp=Cidnb29nbGUubWFwcy5wbGFjZXMudjEuUGxhY2VzLlNlYXJjaFRleHQQAhgEIAA,"217 Al Amal, street، Second Al Sheikh Zayed, Giza Governorate 3241340, Egypt",30.0350887,30.967456100000003,restaurant,restaurant; cafe; food; point_of_interest; establishment,Monday: 10:00 AM – 3:00 AM | Tuesday: 10:00 AM – 3:00 AM | Wednesday: 10:00 AM – 3:00 AM | Thursday: 10:00 AM – 3:00 AM | Friday: 10:00 AM – 3:00 AM | Saturday: 10:00 AM – 3:00 AM | Sunday: 10:00 AM – 3:00 AM,strict cafe,كافيهات الشيخ زايد,cafe,Sheikh Zayed west,ChIJvzIidFdZWBQRr5wPJVlayrw
Breadfast Coffee Total zayed,PRICE_LEVEL_MODERATE,4.5,242,OPERATIONAL,,https://www.breadfast.com/,https://maps.google.com/?cid=784032187070043595&g_mp=Cidnb29nbGUubWFwcy5wbGFjZXMudjEuUGxhY2VzLlNlYXJjaFRleHQQAhgEIAA,"Total, inside shop, أول الشيخ زايد، محافظة الجيزة 3241170, Egypt",30.017204000000003,30.975531999999998,coffee_shop,coffee_shop; cafe; food_store; store; restaurant; food; point_of_interest; establishment,Monday: 6:00 AM – 4:00 AM | Tuesday: 6:00 AM – 4:00 AM | Wednesday: 6:00 AM – 4:00 AM | Thursday: 6:00 AM – 4:00 AM | Friday: 6:00 AM – 4:00 AM | Saturday: 6:00 AM – 4:00 AM | Sunday: 6:00 AM – 4:00 AM,strict cafe,"coffee shop in Sheikh Zayed City, Giza, Egypt",cafe,Capital Business Park / Zayed,ChIJcdhwQzJbWBQRy1XIwh5x4Qo
Social Specialty Coffee,PRICE_LEVEL_MODERATE,4.5,184,OPERATIONAL,,,https://maps.google.com/?cid=1456080444318491363&g_mp=Cidnb29nbGUubWFwcy5wbGFjZXMudjEuUGxhY2VzLlNlYXJjaFRleHQQAhgEIAA,"Melanite Mall, First 6th of October, 6th of October City (2), Giza Governorate 3238320, Egypt",29.977276399999994,30.996379,coffee_shop,coffee_shop; food_store; cafe; food; point_of_interest; store; establishment,Monday: 6:00 AM – 1:00 AM | Tuesday: 6:00 AM – 1:00 AM | Wednesday: 6:00 AM – 1:00 AM | Thursday: 6:00 AM – 1:00 AM | Friday: 6:00 AM – 1:00 AM | Saturday: 6:00 AM – 1:00 AM | Sunday: 6:00 AM – 1:00 AM,strict cafe,"coffee shop in 6th of October City, Giza, Egypt",cafe,Arkan / Americana Plaza,ChIJzxxJtrZRWBQR4yL_D3MJNRQ
RAF Specialty Coffee,PRICE_LEVEL_MODERATE,4.5,49,OPERATIONAL,011 16675459,,https://maps.google.com/?cid=7676324711046425787&g_mp=Cidnb29nbGUubWFwcy5wbGFjZXMudjEuUGxhY2VzLlNlYXJjaFRleHQQAhgEIAA,"Zed park, gate 3, Second Al Sheikh Zayed, Cairo 00202, Egypt",30.042806799999997,30.996817900000003,coffee_shop,coffee_shop; cafe; food_store; food; store; point_of_interest; establishment,Monday: 7:00 AM – 12:00 AM | Tuesday: 7:00 AM – 12:00 AM | Wednesday: 7:00 AM – 12:00 AM | Thursday: 7:00 AM – 12:00 AM | Friday: 7:00 AM – 12:00 AM | Saturday: 7:00 AM – 12:00 AM | Sunday: 7:00 AM – 12:00 AM,strict cafe,"coffee shop in Sheikh Zayed City, Giza, Egypt",cafe,Capital Business Park / Zayed,ChIJtxqCmmxbWBQRu6x5XqfIh2o
Favilla Lounge,PRICE_LEVEL_MODERATE,4.4,2617,OPERATIONAL,010 03233646,,https://maps.google.com/?cid=12023568879478049812&g_mp=Cidnb29nbGUubWFwcy5wbGFjZXMudjEuUGxhY2VzLlNlYXJjaFRleHQQAhgEIAA,"Al Shabab Rd, First Al Sheikh Zayed, Giza Governorate 12593, Egypt",30.030706799999997,30.9985128,italian_restaurant,italian_restaurant; lounge_bar; cafe; night_club; bar; restaurant; food; point_of_interest; establishment,Monday: 9:00 AM – 2:00 AM | Tuesday: 9:00 AM – 2:00 AM | Wednesday: 9:00 AM – 2:00 AM | Thursday: 9:00 AM – 2:00 AM | Friday: 9:00 AM – 2:00 AM | Saturday: 9:00 AM – 2:00 AM | Sunday: 9:00 AM – 2:00 AM,strict cafe,"cafe in 6th of October City, Giza, Egypt",cafe,Capital Business Park / Zayed,ChIJC7x_LBhaWBQRFAy7OTFM3KY
30 NORTH | Capital Promenade,PRICE_LEVEL_MODERATE,4.4,971,OPERATIONAL,012 03823030,http://www.30north.coffee/,https://maps.google.com/?cid=3379982567463316052&g_mp=Cidnb29nbGUubWFwcy5wbGFjZXMudjEuUGxhY2VzLlNlYXJjaFRleHQQAhgEIAA,"كابيتال بيزنس بارك، 26th of July Corridor, First 6th of October, Giza Governorate 3236220, Egypt",30.008381799999995,30.97845,cafe,cafe; coffee_roastery; breakfast_restaurant; coffee_shop; food_store; restaurant; food; store; point_of_interest; establishment,Monday: 8:00 AM – 12:00 AM | Tuesday: 8:00 AM – 12:00 AM | Wednesday: 8:00 AM – 12:00 AM | Thursday: 8:00 AM – 12:00 AM | Friday: 8:00 AM – 12:00 AM | Saturday: 8:00 AM – 12:00 AM | Sunday: 8:00 AM – 12:00 AM,strict cafe,"cafe in 6th of October City, Giza, Egypt",cafe,Sheikh Zayed west,ChIJT2FLE2taWBQRVOqpuDwc6C4
كازابلانكا كافية و مطعم 6 أكتوبر,PRICE_LEVEL_MODERATE,4.4,647,OPERATIONAL,010 02060105,https://www.facebook.com/casablanca.cafe.6october/,https://maps.google.com/?cid=13958916037090349089&g_mp=Cidnb29nbGUubWFwcy5wbGFjZXMudjEuUGxhY2VzLlNlYXJjaFRleHQQAhgEIAA,"First 6th of October, Giza Governorate 3231476, Egypt",29.9766546,30.944084399999998,cafe,cafe; japanese_izakaya_restaurant; coffee_shop; japanese_restaurant; food_store; store; restaurant; food; point_of_interest; establishment,Monday: Open 24 hours | Tuesday: Open 24 hours | Wednesday: Open 24 hours | Thursday: Open 24 hours | Friday: Open 24 hours | Saturday: Open 24 hours | Sunday: Open 24 hours,strict cafe,"cafe in 6th of October City, Giza, Egypt",cafe,Arkan / Americana Plaza,ChIJyUYsGpNXWBQRIRBGoC0IuME
Avenue,PRICE_LEVEL_MODERATE,4.4,511,OPERATIONAL,02 38576333,,https://maps.google.com/?cid=1079854504350571695&g_mp=Cidnb29nbGUubWFwcy5wbGFjZXMudjEuUGxhY2VzLlNlYXJjaFRleHQQAhgEIAA,"3W7R+H75, Second Al Sheikh Zayed, Giza Governorate 3240082, Egypt",30.063875699999997,30.940729400000002,cafe,cafe; food; point_of_interest; establishment,Monday: 10:00 AM – 2:00 AM | Tuesday: 10:00 AM – 2:00 AM | Wednesday: 10:00 AM – 2:00 AM | Thursday: 10:00 AM – 2:00 AM | Friday: 10:00 AM – 2:00 AM | Saturday: 10:00 AM – 2:00 AM | Sunday: 10:00 AM – 2:00 AM,strict cafe,"coffee shop in Sheikh Zayed City, Giza, Egypt",cafe,6 October core,ChIJG16jplRYWBQRr9zrTPNp_A4
Paul Bakery,PRICE_LEVEL_MODERATE,4.4,382,OPERATIONAL,42 27 96 47,,https://maps.google.com/?cid=3664362716055837009&g_mp=Cidnb29nbGUubWFwcy5wbGFjZXMudjEuUGxhY2VzLlNlYXJjaFRleHQQAhgEIAA,"22G7+54J كابيتال بيزنس بارك، First Al Sheikh Zayed, Giza Governorate 3245504, Egypt",30.025465900000004,31.012766099999997,coffee_shop,coffee_shop; cafe; food_store; store; food; point_of_interest; establishment,,strict cafe,"coffee shop in 6th of October City, Giza, Egypt",cafe,Sheikh Zayed west,ChIJ9-ZbJqZbWBQRUZmxwnlu2jI
Beano's Café,PRICE_LEVEL_MODERATE,4.4,359,OPERATIONAL,02 38579581,,https://maps.google.com/?cid=13452639813667156363&g_mp=Cidnb29nbGUubWFwcy5wbGFjZXMudjEuUGxhY2VzLlNlYXJjaFRleHQQAhgEIAA,"3W5W+RP, West Square, Second Al Sheikh Zayed, Giza Governorate 3240220, Egypt",30.059562500000002,30.9468125,cafe,cafe; food; point_of_interest; establishment,Monday: 9:00 AM – 12:00 AM | Tuesday: 9:00 AM – 12:00 AM | Wednesday: 9:00 AM – 12:00 AM | Thursday: 9:00 AM – 12:00 AM | Friday: 9:00 AM – 12:00 AM | Saturday: 9:00 AM – 12:00 AM | Sunday: 9:00 AM – 12:00 AM,strict cafe,"coffee shop in Sheikh Zayed City, Giza, Egypt",cafe,6 October core,ChIJM7A-xf9ZWBQRi3HoqKJgsbo
Beano's Café,PRICE_LEVEL_MODERATE,4.4,310,OPERATIONAL,,,https://maps.google.com/?cid=8350337028024979024&g_mp=Cidnb29nbGUubWFwcy5wbGFjZXMudjEuUGxhY2VzLlNlYXJjaFRleHQQAhgEIAA,"38km Cairo - Alexandria Desert Rd, Second Al Sheikh Zayed, Giza Governorate 3240102, Egypt",30.076661499999997,30.9505691,coffee_shop,coffee_shop; cafe; food_store; store; food; point_of_interest; establishment,Monday: 9:00 AM – 12:00 AM | Tuesday: 9:00 AM – 12:00 AM | Wednesday: 9:00 AM – 12:00 AM | Thursday: 9:00 AM – 12:00 AM | Friday: 9:00 AM – 12:00 AM | Saturday: 9:00 AM – 12:00 AM | Sunday: 9:00 AM – 12:00 AM,strict cafe,"coffee shop in Sheikh Zayed City, Giza, Egypt",cafe,Arkan / Americana Plaza,ChIJS9P-JjdZWBQRUE449khb4nM
Costa Coffee,PRICE_LEVEL_MODERATE,4.4,269,OPERATIONAL,216460,https://www.americanarestaurants.com/,https://maps.google.com/?cid=12121539515117656890&g_mp=Cidnb29nbGUubWFwcy5wbGFjZXMudjEuUGxhY2VzLlNlYXJjaFRleHQQAhgEIAA,"Second Al Sheikh Zayed, القاهرة 3242933, Egypt",30.038562499999998,30.9780625,coffee_shop,coffee_shop; fast_food_restaurant; cafe; food_store; store; restaurant; food; point_of_interest; establishment,Monday: 10:00 AM – 1:00 AM | Tuesday: 10:00 AM – 1:00 AM | Wednesday: 10:00 AM – 1:00 AM | Thursday: 10:00 AM – 1:00 AM | Friday: 10:00 AM – 1:00 AM | Saturday: 10:00 AM – 1:00 AM | Sunday: 10:00 AM – 1:00 AM,strict cafe,"coffee shop in 6th of October City, Giza, Egypt",cafe,Sheikh Zayed west,ChIJU-IOn7hZWBQROttyYfdbOKg
360 Cafe Three Sixty,PRICE_LEVEL_MODERATE,4.4,245,OPERATIONAL,010 19680009,,https://maps.google.com/?cid=18186469706283279872&g_mp=Cidnb29nbGUubWFwcy5wbGFjZXMudjEuUGxhY2VzLlNlYXJjaFRleHQQAhgEIAA,"Unnamed Road، Second Al Sheikh Zayed, Giza Governorate 3243533, Egypt",30.0440979,30.9890416,cafe,cafe; food; point_of_interest; establishment,Monday: Open 24 hours | Tuesday: Open 24 hours | Wednesday: Open 24 hours | Thursday: Open 24 hours | Friday: Open 24 hours | Saturday: Open 24 hours | Sunday: Open 24 hours,strict cafe,"premium cafe in Sheikh Zayed City, Giza, Egypt",cafe,Arkan / Americana Plaza,ChIJvbOWu_lbWBQRAOZqgddRY_w
La Poire Café,PRICE_LEVEL_MODERATE,4.4,225,OPERATIONAL,011 42171508,,https://maps.google.com/?cid=13139475569331733543&g_mp=Cidnb29nbGUubWFwcy5wbGFjZXMudjEuUGxhY2VzLlNlYXJjaFRleHQQAhgEIAA,"B143 KM 28, Kerdasa, Giza Governorate 3630120, Egypt",30.0787905,31.020325699999997,coffee_shop,coffee_shop; cafe; food_store; food; store; point_of_interest; establishment,,strict cafe,"coffee shop in Sheikh Zayed City, Giza, Egypt",cafe,6 October core,ChIJNQvVMOhbWBQRJwTxFGrLWLY
Prime House Café | Sheikh Zayed branch,PRICE_LEVEL_MODERATE,4.4,163,OPERATIONAL,015 01817070,http://primehouse.coffee/,https://maps.google.com/?cid=13101930312332451833&g_mp=Cidnb29nbGUubWFwcy5wbGFjZXMudjEuUGxhY2VzLlNlYXJjaFRleHQQAhgEIAA,"Gate plaza mall, Second Al Sheikh Zayed, Giza Governorate 12588, Egypt",30.038339999999998,30.977793799999997,cafe,cafe; restaurant; food; point_of_interest; establishment,Monday: 8:00 AM – 12:00 AM | Tuesday: 8:00 AM – 12:00 AM | Wednesday: 8:00 AM – 12:00 AM | Thursday: 8:00 AM – 12:00 AM | Friday: 8:00 AM – 12:00 AM | Saturday: 8:00 AM – 12:00 AM | Sunday: 8:00 AM – 12:00 AM,strict cafe,"cafe in Sheikh Zayed City, Giza, Egypt",cafe,6 October core,ChIJQzhRDE1ZWBQR-Z9_ujNo07U
قعدة روقه,PRICE_LEVEL_MODERATE,4.4,75,OPERATIONAL,015 00222032,,https://maps.google.com/?cid=11092511961944922440&g_mp=Cidnb29nbGUubWFwcy5wbGFjZXMudjEuUGxhY2VzLlNlYXJjaFRleHQQAhgEIAA,"2XH8+4F3, First Al Sheikh Zayed, Giza Governorate 3241103, Egypt",30.0277286,30.966148299999997,cafe,cafe; food; point_of_interest; establishment,Monday: 12:00 PM – 5:00 AM | Tuesday: 12:00 PM – 5:00 AM | Wednesday: 12:00 PM – 5:00 AM | Thursday: 12:00 PM – 5:00 AM | Friday: 2:00 PM – 5:00 AM | Saturday: 12:00 PM – 5:00 AM | Sunday: 12:00 PM – 5:00 AM,strict cafe,كافيهات 6 أكتوبر,cafe,Sheikh Zayed west,ChIJFUZPFgBZWBQRSJl_1tuE8Jk
IL Cavallino Cafe Restaurant,PRICE_LEVEL_MODERATE,4.3,2138,OPERATIONAL,02 38836288,,https://maps.google.com/?cid=9331301906427281604&g_mp=Cidnb29nbGUubWFwcy5wbGFjZXMudjEuUGxhY2VzLlNlYXJjaFRleHQQAhgEIAA,"XXQG+RFW, Abd El-Moneim Riad, First 6th of October, Giza Governorate 3237110, Egypt",29.9896155,30.9762157,cafe,cafe; point_of_interest; food; establishment,Monday: 10:00 AM – 2:00 AM | Tuesday: 10:00 AM – 2:00 AM | Wednesday: 10:00 AM – 2:00 AM | Thursday: 10:00 AM – 2:00 AM | Friday: 10:00 AM – 2:00 AM | Saturday: 10:00 AM – 2:00 AM | Sunday: 10:00 AM – 2:00 AM,strict cafe,"cafe in 6th of October City, Giza, Egypt",cafe,6 October core,ChIJ15OOfzBXWBQRxACGAKVxf4E
Paul,PRICE_LEVEL_MODERATE,4.3,1039,OPERATIONAL,011 23477776,,https://maps.google.com/?cid=17455404985757680956&g_mp=Cidnb29nbGUubWFwcy5wbGFjZXMudjEuUGxhY2VzLlNlYXJjaFRleHQQAhgEIAA,"X2C8+PHR, El Wahat Rd, First 6th of October, Giza Governorate 3291001, Egypt",29.971859899999995,31.016397,french_restaurant,french_restaurant; cafe; bakery; food_store; store; restaurant; food; point_of_interest; establishment,Monday: 9:00 AM – 11:00 PM | Tuesday: 9:00 AM – 11:00 PM | Wednesday: 9:00 AM – 11:00 PM | Thursday: 9:00 AM – 11:00 PM | Friday: 9:00 AM – 11:00 PM | Saturday: 9:00 AM – 11:00 PM | Sunday: 9:00 AM – 11:00 PM,strict cafe,"cafe in 6th of October City, Giza, Egypt",cafe,Mall of Egypt / October,ChIJ8eulIq9RWBQRPEWrEloOPvI
Karakeib Restaurant & cafe Palm hills,PRICE_LEVEL_MODERATE,4.3,1027,OPERATIONAL,010 55505521,,https://maps.google.com/?cid=13450139449077168902&g_mp=Cidnb29nbGUubWFwcy5wbGFjZXMudjEuUGxhY2VzLlNlYXJjaFRleHQQAhgEIAA,"First 6th of October, Giza Governorate 3292411, Egypt",30.009942499999998,31.0194521,restaurant,restaurant; coffee_shop; cafe; food_store; food; store; point_of_interest; establishment,Monday: 9:00 AM – 3:00 AM | Tuesday: 9:00 AM – 3:00 AM | Wednesday: 9:00 AM – 3:00 AM | Thursday: 9:00 AM – 3:00 AM | Friday: 9:00 AM – 3:00 AM | Saturday: 9:00 AM – 3:00 AM | Sunday: 9:00 AM – 3:00 AM,strict cafe,"cafe in 6th of October City, Giza, Egypt",cafe,Sheikh Zayed west,ChIJc4R8qb1bWBQRBnu2KZF-qLo
Costa Coffee,PRICE_LEVEL_MODERATE,4.3,616,OPERATIONAL,216460,https://www.americanarestaurants.com/,https://maps.google.com/?cid=12536552912601506784&g_mp=Cidnb29nbGUubWFwcy5wbGFjZXMudjEuUGxhY2VzLlNlYXJjaFRleHQQAhgEIAA,"Beverly Hills, Second Al Sheikh Zayed, Giza Governorate 3240061, Egypt",30.073185400000003,30.946017700000002,coffee_shop,coffee_shop; fast_food_restaurant; cafe; food_store; restaurant; food; store; point_of_interest; establishment,Monday: 8:00 AM – 1:00 AM | Tuesday: 8:00 AM – 1:00 AM | Wednesday: 8:00 AM – 1:00 AM | Thursday: 8:00 AM – 1:00 AM | Friday: 8:00 AM – 1:00 AM | Saturday: 8:00 AM – 1:00 AM | Sunday: 8:00 AM – 1:00 AM,strict cafe,"coffee shop in Sheikh Zayed City, Giza, Egypt",cafe,6 October core,ChIJzabY5wNZWBQR4GOA13PI-q0
Second Cup Zayed,PRICE_LEVEL_MODERATE,4.3,570,OPERATIONAL,012 76095184,http://www.mysecondcup.com/,https://maps.google.com/?cid=12830467946813165712&g_mp=Cidnb29nbGUubWFwcy5wbGFjZXMudjEuUGxhY2VzLlNlYXJjaFRleHQQAhgEIAA,"2 26th of July Corridor, First 6th of October, Giza Governorate 3292301, Egypt",30.015967399999994,31.0042588,coffee_shop,coffee_shop; cafe; food_store; food; store; point_of_interest; establishment,Monday: Open 24 hours | Tuesday: Open 24 hours | Wednesday: Open 24 hours | Thursday: Open 24 hours | Friday: Open 24 hours | Saturday: Open 24 hours | Sunday: Open 24 hours,strict cafe,"cafe in 6th of October City, Giza, Egypt",cafe,Sheikh Zayed west,ChIJB9B8MQ5bWBQRkJDVb576DrI
Veranda Lebanese Restaurant,PRICE_LEVEL_MODERATE,4.3,532,OPERATIONAL,010 64232372,https://instagram.com/verandalebanese?utm_medium=copy_link,https://maps.google.com/?cid=9776810118927506163&g_mp=Cidnb29nbGUubWFwcy5wbGFjZXMudjEuUGxhY2VzLlNlYXJjaFRleHQQAhgEIAA,"محور ٢٦ يوليو، مول المرشدي, أول الشيخ زايد، محافظة الجيزة 3242304, Egypt",30.018299300000002,31.0042194,cafe,cafe; food; point_of_interest; establishment,Monday: Open 24 hours | Tuesday: Open 24 hours | Wednesday: Open 24 hours | Thursday: Open 24 hours | Friday: Open 24 hours | Saturday: Open 24 hours | Sunday: Open 24 hours,strict cafe,"cafe in 6th of October City, Giza, Egypt",cafe,Sheikh Zayed west,ChIJmatPmcNbWBQR81oe3wA1roc
NOLA El Hosary,PRICE_LEVEL_MODERATE,4.3,401,OPERATIONAL,02 25874450,http://orderfast.com/nolabakery,https://maps.google.com/?cid=5508941121903389355&g_mp=Cidnb29nbGUubWFwcy5wbGFjZXMudjEuUGxhY2VzLlNlYXJjaFRleHQQAhgEIAA,"Vista Building التحرير St 6، First 6th of October, Giza Governorate 3232026, Egypt",29.974193000000003,30.9420044,bakery,sandwich_shop; coffee_shop; cafe; bakery; chocolate_shop; candy_store; dessert_shop; confectionery; food_store; store; restaurant; point_of_interest; food; establishment,Monday: 9:00 AM – 12:00 AM | Tuesday: 9:00 AM – 12:00 AM | Wednesday: 9:00 AM – 12:00 AM | Thursday: 9:00 AM – 12:00 AM | Friday: 9:00 AM – 12:00 AM | Saturday: 9:00 AM – 12:00 AM | Sunday: 9:00 AM – 12:00 AM,strict cafe,"cafe in 6th of October City, Giza, Egypt",cafe,6 October core,ChIJrWz2_PdWWBQRq-qXQ8Owc0w
Seven Fortunes Coffee Roasters,PRICE_LEVEL_MODERATE,4.3,120,OPERATIONAL,,https://sevenfortunes.com/,https://maps.google.com/?cid=4864652700284369629&g_mp=Cidnb29nbGUubWFwcy5wbGFjZXMudjEuUGxhY2VzLlNlYXJjaFRleHQQAhgEIAA,"Capital Business Park, First Al Sheikh Zayed, Giza Governorate 3245504, Egypt",30.0260787,31.011701000000002,coffee_shop,coffee_shop; cafe; food_store; store; food; point_of_interest; establishment,Monday: 8:00 AM – 11:00 PM | Tuesday: 8:00 AM – 11:00 PM | Wednesday: 8:00 AM – 11:00 PM | Thursday: 8:00 AM – 11:00 PM | Friday: 8:00 AM – 11:00 PM | Saturday: 8:00 AM – 11:00 PM | Sunday: 8:00 AM – 11:00 PM,strict cafe,"cafe in Sheikh Zayed City, Giza, Egypt",cafe,Capital Business Park / Zayed,ChIJx2VkXFFbWBQR3ToYXNu3gkM
Costa Coffee,PRICE_LEVEL_MODERATE,4.2,1729,OPERATIONAL,216460,https://www.americanarestaurants.com/,https://maps.google.com/?cid=4813007370027788470&g_mp=Cidnb29nbGUubWFwcy5wbGFjZXMudjEuUGxhY2VzLlNlYXJjaFRleHQQAhgEIAA,"Prima Vista, El-Tahrir Rd, First 6th of October, قسم ثان, Cairo Governorate 3232210, Egypt",29.9744323,30.942501999999998,coffee_shop,coffee_shop; fast_food_restaurant; cafe; food_store; store; restaurant; point_of_interest; food; establishment,Monday: 8:00 AM – 1:00 AM | Tuesday: 8:00 AM – 1:00 AM | Wednesday: 8:00 AM – 1:00 AM | Thursday: 8:00 AM – 1:00 AM | Friday: 8:00 AM – 1:00 AM | Saturday: 8:00 AM – 1:00 AM | Sunday: 8:00 AM – 1:00 AM,strict cafe,"cafe in 6th of October City, Giza, Egypt",cafe,6 October core,ChIJ7dtDHfhWWBQRtujX37M8y0I
Costa Coffee,PRICE_LEVEL_MODERATE,4.2,1322,OPERATIONAL,010 20445044,https://www.costacoffee.eg/,https://maps.google.com/?cid=8502096338035000314&g_mp=Cidnb29nbGUubWFwcy5wbGFjZXMudjEuUGxhY2VzLlNlYXJjaFRleHQQAhgEIAA,"22H7+2H Americana Plaza, First Al Sheikh Zayed, Giza Governorate 3245504, Egypt",30.027562500000002,31.013937499999994,coffee_shop,coffee_shop; fast_food_restaurant; cafe; food_store; store; restaurant; food; point_of_interest; establishment,Monday: 7:00 AM – 12:00 AM | Tuesday: 7:00 AM – 12:00 AM | Wednesday: 7:00 AM – 12:00 AM | Thursday: 7:00 AM – 12:00 AM | Friday: 7:00 AM – 12:00 AM | Saturday: 7:00 AM – 12:00 AM | Sunday: 7:00 AM – 12:00 AM,strict cafe,"coffee shop in 6th of October City, Giza, Egypt",cafe,Sheikh Zayed west,ChIJkSSZZ2paWBQR-sO5ypKD_XU
Beano's Café,PRICE_LEVEL_MODERATE,4.2,1007,OPERATIONAL,02 27024131,,https://maps.google.com/?cid=10557927752011448634&g_mp=Cidnb29nbGUubWFwcy5wbGFjZXMudjEuUGxhY2VzLlNlYXJjaFRleHQQAhgEIAA,"Inside Smart Village, KM 28, Kerdasa, Giza Governorate 3630120, Egypt",30.075148199999994,31.0209234,coffee_shop,coffee_shop; food_store; cafe; food; point_of_interest; store; establishment,Monday: 9:00 AM – 12:00 AM | Tuesday: 9:00 AM – 12:00 AM | Wednesday: 9:00 AM – 12:00 AM | Thursday: 9:00 AM – 12:00 AM | Friday: 9:00 AM – 12:00 AM | Saturday: 9:00 AM – 12:00 AM | Sunday: 9:00 AM – 12:00 AM,strict cafe,"premium cafe in 6th of October City, Giza, Egypt",cafe,6 October core,ChIJBQpHvpBbWBQROoHhJlpLhZI
Mucho Cafe,PRICE_LEVEL_MODERATE,4.2,520,OPERATIONAL,010 27227799,https://restaurantguru.com/Mucho-Cafe-Sheikh-Zayed-City,https://maps.google.com/?cid=15743629219678054472&g_mp=Cidnb29nbGUubWFwcy5wbGFjZXMudjEuUGxhY2VzLlNlYXJjaFRleHQQAhgEIAA,"22G4+XG9، Al Nada Nall، First Al Sheikh Zayed, Giza Governorate 12585, Egypt",30.027412299999998,31.006358,cafe,cafe; food; point_of_interest; establishment,Monday: 10:00 AM – 1:00 AM | Tuesday: 10:00 AM – 1:00 AM | Wednesday: 10:00 AM – 1:00 AM | Thursday: 10:00 AM – 1:00 AM | Friday: 10:00 AM – 1:00 AM | Saturday: 10:00 AM – 1:00 AM | Sunday: 10:00 AM – 1:00 AM,strict cafe,"cafe in 6th of October City, Giza, Egypt",cafe,Capital Business Park / Zayed,ChIJN64UOBRaWBQRSOheqlybfNo
Cava Cafe,PRICE_LEVEL_MODERATE,4.2,512,OPERATIONAL,,https://www.elmenus.com/cairo/cava-cafe--3lpwx,https://maps.google.com/?cid=7953052967380266566&g_mp=Cidnb29nbGUubWFwcy5wbGFjZXMudjEuUGxhY2VzLlNlYXJjaFRleHQQAhgEIAA,"Karma1 mall - El Karma District، 101, First Al Sheikh Zayed, Giza Governorate 12588, Egypt",30.023962800000003,30.998973399999993,cafe,cafe; food; point_of_interest; establishment,Monday: 10:00 AM – 2:00 AM | Tuesday: 10:00 AM – 2:00 AM | Wednesday: 10:00 AM – 2:00 AM | Thursday: 10:00 AM – 2:00 AM | Friday: 10:00 AM – 2:00 AM | Saturday: 10:00 AM – 2:00 AM | Sunday: 10:00 AM – 2:00 AM,strict cafe,"coffee shop in 6th of October City, Giza, Egypt",cafe,Sheikh Zayed west,ChIJCZyOnhpaWBQRRi6RaInrXm4
WAFFLICIOUS Promenade,PRICE_LEVEL_MODERATE,4.2,355,OPERATIONAL,010 33225373,http://www.wafflicious.com/,https://maps.google.com/?cid=4133352026069051892&g_mp=Cidnb29nbGUubWFwcy5wbGFjZXMudjEuUGxhY2VzLlNlYXJjaFRleHQQAhgEIAA,"El-Safa, First Al Sheikh Zayed, Giza Governorate 3242001, Egypt",30.0157102,30.9763022,coffee_shop,coffee_shop; breakfast_restaurant; dessert_shop; cafe; confectionery; food_store; restaurant; food; store; point_of_interest; establishment,Monday: 10:00 AM – 3:00 AM | Tuesday: 10:00 AM – 3:00 AM | Wednesday: 10:00 AM – 3:00 AM | Thursday: 10:00 AM – 3:00 AM | Friday: 10:00 AM – 3:00 AM | Saturday: 10:00 AM – 3:00 AM | Sunday: 10:00 AM – 3:00 AM,strict cafe,"cafe in 6th of October City, Giza, Egypt",cafe,Sheikh Zayed west,ChIJF1qti-lXWBQR9Kl8rcSdXDk
Second Cup Sixten,PRICE_LEVEL_MODERATE,4.2,335,OPERATIONAL,010 44554851,https://secondcup.com/en/,https://maps.google.com/?cid=13088757655093584252&g_mp=Cidnb29nbGUubWFwcy5wbGFjZXMudjEuUGxhY2VzLlNlYXJjaFRleHQQAhgEIAA,"XWVX+HPR SQUER ONE, Gamal Abd El-Nasir, First 6th of October, Giza Governorate 3231571, Egypt",29.9939358,30.9493691,coffee_shop,coffee_shop; cafe; food_store; store; food; point_of_interest; establishment,Monday: Open 24 hours | Tuesday: Open 24 hours | Wednesday: Open 24 hours | Thursday: Open 24 hours | Friday: Open 24 hours | Saturday: Open 24 hours | Sunday: Open 24 hours,strict cafe,"cafe in 6th of October City, Giza, Egypt",cafe,Palm Hills / Zayed,ChIJZW9XGgBXWBQRfCEHd72bpLU
Varanda Restaurant & cafe,PRICE_LEVEL_MODERATE,4.2,281,OPERATIONAL,011 51555030,https://www.facebook.com/varanda.oct/,https://maps.google.com/?cid=9810870969431822817&g_mp=Cidnb29nbGUubWFwcy5wbGFjZXMudjEuUGxhY2VzLlNlYXJjaFRleHQQAhgEIAA,"303 Al Batea- Moazi Llmehwar Al Markazi, First 6th of October, Giza Governorate 12563, Egypt",29.9769411,30.9446813,cafe,cafe; point_of_interest; food; establishment,Monday: Open 24 hours | Tuesday: Open 24 hours | Wednesday: Open 24 hours | Thursday: Open 24 hours | Friday: Open 24 hours | Saturday: Open 24 hours | Sunday: Open 24 hours,strict cafe,"cafe in 6th of October City, Giza, Egypt",cafe,6 October core,ChIJi_ul8o1XWBQR4REtnio3J4g
Caribou coffee,PRICE_LEVEL_MODERATE,4.2,36,OPERATIONAL,,https://www.facebook.com/caribouegypt/?mibextid=ZbWKwL,https://maps.google.com/?cid=13564383163307631885&g_mp=Cidnb29nbGUubWFwcy5wbGFjZXMudjEuUGxhY2VzLlNlYXJjaFRleHQQAhgEIAA,"Beside HSBC القرية الذكية، Smart Village, Cairo, Sheikh Zayed City, Alex Desert Road،, الظهير الصحراوى لمحافظة الجيزة،, محافظة الجيزة 3630120, Egypt",30.0770625,31.0219058,coffee_shop,coffee_shop; cafe; food_store; food; store; point_of_interest; establishment,Monday: 8:00 AM – 7:00 PM | Tuesday: 8:00 AM – 7:00 PM | Wednesday: 8:00 AM – 7:00 PM | Thursday: 8:00 AM – 7:00 PM | Friday: 8:00 AM – 4:00 PM | Saturday: 8:00 AM – 4:00 PM | Sunday: 8:00 AM – 7:00 PM,strict cafe,"coffee shop in Sheikh Zayed City, Giza, Egypt",cafe,6 October core,ChIJ0xEyndxbWBQRDaU9rp5ePrw
Cairo Cafe & Restaurant,PRICE_LEVEL_MODERATE,4.1,372,OPERATIONAL,010 70000598,https://linktr.ee/CAIROCAFE,https://maps.google.com/?cid=9763590730003090395&g_mp=Cidnb29nbGUubWFwcy5wbGFjZXMudjEuUGxhY2VzLlNlYXJjaFRleHQQAhgEIAA,"First Al Sheikh Zayed, Giza Governorate 3241104, Egypt",30.026111200000003,30.967602299999996,restaurant,restaurant; cafe; food; point_of_interest; establishment,Monday: 9:00 AM – 5:00 AM | Tuesday: 9:00 AM – 5:30 AM | Wednesday: 9:00 AM – 5:30 AM | Thursday: 9:00 AM – 5:00 AM | Friday: 9:00 AM – 5:30 AM | Saturday: 9:00 AM – 5:30 AM | Sunday: 9:00 AM – 5:30 AM,strict cafe,"cafe in Sheikh Zayed City, Giza, Egypt",cafe,6 October core,ChIJUb67iStZWBQR24shCgo-f4c
4x4 cafe,PRICE_LEVEL_MODERATE,4.1,326,OPERATIONAL,010 66390022,,https://maps.google.com/?cid=1554195464714775388&g_mp=Cidnb29nbGUubWFwcy5wbGFjZXMudjEuUGxhY2VzLlNlYXJjaFRleHQQAhgEIAA,"Waslet Dahshur O plaza El-shikh zayed, ثاني الشيخ زايد، محافظة الجيزة 3220001, Egypt",30.0397482,30.956365100000003,cafe,cafe; food; point_of_interest; establishment,Monday: Open 24 hours | Tuesday: Open 24 hours | Wednesday: Open 24 hours | Thursday: Open 24 hours | Friday: Open 24 hours | Saturday: Open 24 hours | Sunday: Open 24 hours,strict cafe,كافيهات 6 أكتوبر,cafe,6 October core,ChIJR--IsK1ZWBQRXOvYaYqckRU
NAF - The Coffee Roasters,PRICE_LEVEL_MODERATE,4.1,289,OPERATIONAL,011 11155557,,https://maps.google.com/?cid=18178531181211823145&g_mp=Cidnb29nbGUubWFwcy5wbGFjZXMudjEuUGxhY2VzLlNlYXJjaFRleHQQAhgEIAA,"Arkan Plaza between HSBC bank and Orange, First Al Sheikh Zayed, Giza Governorate 12556, Egypt",30.0208786,31.003292799999997,food_store,coffee_roastery; coffee_shop; cafe; food_store; food; store; point_of_interest; establishment,Monday: Open 24 hours | Tuesday: Open 24 hours | Wednesday: Open 24 hours | Thursday: Open 24 hours | Friday: Open 24 hours | Saturday: Open 24 hours | Sunday: Open 24 hours,strict cafe,"coffee shop in Sheikh Zayed City, Giza, Egypt",cafe,Capital Business Park / Zayed,ChIJ2ymrvORbWBQRKSx-mssdR_w
La Poire Café,PRICE_LEVEL_MODERATE,4.1,196,OPERATIONAL,011 47700059,,https://maps.google.com/?cid=749164043828085108&g_mp=Cidnb29nbGUubWFwcy5wbGFjZXMudjEuUGxhY2VzLlNlYXJjaFRleHQQAhgEIAA,"Kilo 28 Cairo Alex Road Dandy Mall, 15 136, كرداسه، محافظة الجيزة 12577, Egypt",30.0629894,31.0275599,cafe,cafe; bakery; food_store; food; point_of_interest; store; establishment,Monday: 8:00 AM – 12:00 AM | Tuesday: 8:00 AM – 12:00 AM | Wednesday: 8:00 AM – 12:00 AM | Thursday: 8:00 AM – 12:00 AM | Friday: 8:00 AM – 12:00 AM | Saturday: 8:00 AM – 12:00 AM | Sunday: 8:00 AM – 12:00 AM,strict cafe,"premium cafe in 6th of October City, Giza, Egypt",cafe,6 October core,ChIJIbXk46NbWBQRdEHehrqQZQo
OS Cafe,PRICE_LEVEL_MODERATE,4.1,166,OPERATIONAL,012 88882643,,https://maps.google.com/?cid=5822162997832923585&g_mp=Cidnb29nbGUubWFwcy5wbGFjZXMudjEuUGxhY2VzLlNlYXJjaFRleHQQAhgEIAA,"6 October - Waslet Dahshur Rd, First Al Sheikh Zayed، Second Al Sheikh Zayed, Giza Governorate 12588, Egypt",30.014173300000003,30.977344300000002,coffee_shop,coffee_shop; cafe; food_store; store; food; point_of_interest; establishment,Monday: Open 24 hours | Tuesday: Open 24 hours | Wednesday: Open 24 hours | Thursday: Open 24 hours | Friday: Open 24 hours | Saturday: Open 24 hours | Sunday: Open 24 hours,strict cafe,كافيهات الشيخ زايد,cafe,6 October core,ChIJqTGcDwBXWBQRwTlBPmZ6zFA
Beano's Café,PRICE_LEVEL_MODERATE,4,615,OPERATIONAL,,,https://maps.google.com/?cid=7231860915569869256&g_mp=Cidnb29nbGUubWFwcy5wbGFjZXMudjEuUGxhY2VzLlNlYXJjaFRleHQQAhgEIAA,"MALL OF EGYPT, El Wahat Rd, First 6th of October, Giza Governorate 3294001, Egypt",29.9719217,31.0177415,cafe,cafe; food; point_of_interest; establishment,Monday: 9:00 AM – 12:00 AM | Tuesday: 9:00 AM – 12:00 AM | Wednesday: 9:00 AM – 12:00 AM | Thursday: 9:00 AM – 12:00 AM | Friday: 9:00 AM – 12:00 AM | Saturday: 9:00 AM – 12:00 AM | Sunday: 9:00 AM – 12:00 AM,strict cafe,"cafe in 6th of October City, Giza, Egypt",cafe,Mall of Egypt / October,ChIJEan6hOZQWBQRyMGSyS-7XGQ
CULT,PRICE_LEVEL_MODERATE,4,210,OPERATIONAL,,,https://maps.google.com/?cid=13125930601322163790&g_mp=Cidnb29nbGUubWFwcy5wbGFjZXMudjEuUGxhY2VzLlNlYXJjaFRleHQQAhgEIAA,"Block, 12 محور 26 يوليو، أول الشيخ زايد، محافظة الجيزة 12588, Egypt",30.026066,31.015271900000002,cafe,cafe; food; point_of_interest; establishment,Monday: 8:00 AM – 12:00 AM | Tuesday: 8:00 AM – 12:00 AM | Wednesday: 8:00 AM – 12:00 AM | Thursday: 8:00 AM – 12:00 AM | Friday: 10:00 AM – 12:00 AM | Saturday: 10:00 AM – 12:00 AM | Sunday: 8:00 AM – 12:00 AM,strict cafe,"coffee shop in Sheikh Zayed City, Giza, Egypt",cafe,Capital Business Park / Zayed,ChIJ0cJlNBxbWBQRTq48dlasKLY
Pottery Cafe,PRICE_LEVEL_MODERATE,4,184,OPERATIONAL,010 12228805,,https://maps.google.com/?cid=4928258499523866495&g_mp=Cidnb29nbGUubWFwcy5wbGFjZXMudjEuUGxhY2VzLlNlYXJjaFRleHQQAhgEIAA,"3WFW+CH2 Sodic The HUB, Beverly Hills, Second Al Sheikh Zayed, Giza Governorate 3240061, Egypt",30.073513,30.9464035,cafe,cafe; food; point_of_interest; establishment,Monday: 9:00 AM – 12:00 AM | Tuesday: 9:00 AM – 12:00 AM | Wednesday: 9:00 AM – 12:00 AM | Thursday: 9:00 AM – 12:00 AM | Friday: 9:00 AM – 12:00 AM | Saturday: 9:00 AM – 12:00 AM | Sunday: 9:00 AM – 12:00 AM,strict cafe,"coffee shop in Sheikh Zayed City, Giza, Egypt",cafe,6 October core,ChIJqcOW6wNZWBQRf29rif6wZEQ
Starbucks,PRICE_LEVEL_MODERATE,4,166,OPERATIONAL,,,https://maps.google.com/?cid=3267415797792842620&g_mp=Cidnb29nbGUubWFwcy5wbGFjZXMudjEuUGxhY2VzLlNlYXJjaFRleHQQAhgEIAA,"3WFW+FR5, Second Al Sheikh Zayed, Giza Governorate 3240061, Egypt",30.073637400000003,30.9471067,coffee_shop,coffee_shop; cafe; food_store; food; store; point_of_interest; establishment,Monday: 7:00 AM – 12:00 AM | Tuesday: 7:00 AM – 12:00 AM | Wednesday: 7:00 AM – 12:00 AM | Thursday: 7:00 AM – 12:00 AM | Friday: 7:00 AM – 12:00 AM | Saturday: 7:00 AM – 12:00 AM | Sunday: 7:00 AM – 12:00 AM,strict cafe,"coffee shop in Sheikh Zayed City, Giza, Egypt",cafe,6 October core,ChIJQz2yWqlZWBQRfCPxSFsxWC0
Downtown cafe,PRICE_LEVEL_MODERATE,4,76,OPERATIONAL,011 26004444,https://m.facebook.com/pg/DownTownCafeZayed/,https://maps.google.com/?cid=2936718506953958962&g_mp=Cidnb29nbGUubWFwcy5wbGFjZXMudjEuUGxhY2VzLlNlYXJjaFRleHQQAhgEIAA,"Downtown Cafe -Downtown Mall, أول الشيخ زايد، محافظة الجيزة 3244401, Egypt",30.0300256,31.000965099999995,coffee_shop,coffee_shop; cafe; food_store; store; food; point_of_interest; establishment,Monday: Open 24 hours | Tuesday: Open 24 hours | Wednesday: Open 24 hours | Thursday: Open 24 hours | Friday: Open 24 hours | Saturday: Open 24 hours | Sunday: Open 24 hours,strict cafe,"cafe in Sheikh Zayed City, Giza, Egypt",cafe,6 October core,ChIJK2xh7ypbWBQRMmZONOxRwSg
Uno Cafe,PRICE_LEVEL_MODERATE,3.9,552,OPERATIONAL,011 16676171,http://www.facebook.com/unocafe6october,https://maps.google.com/?cid=13656270274305204393&g_mp=Cidnb29nbGUubWFwcy5wbGFjZXMudjEuUGxhY2VzLlNlYXJjaFRleHQQAhgEIAA,"شارع السوريين، First 6th of October, Giza Governorate 3232030, Egypt",29.9746001,30.9447272,cafe,cafe; point_of_interest; food; establishment,,strict cafe,"cafe in 6th of October City, Giza, Egypt",cafe,6 October core,ChIJm6Ta0vlWWBQRqSCw4HXRhL0
Family Cafe,PRICE_LEVEL_MODERATE,3.9,247,OPERATIONAL,011 53963501,,https://maps.google.com/?cid=7985972177254444223&g_mp=Cidnb29nbGUubWFwcy5wbGFjZXMudjEuUGxhY2VzLlNlYXJjaFRleHQQAhgEIAA,"مدارس جيل 2000، First 6th of October, Giza Governorate 3232252, Egypt",29.955809499999994,30.9393395,coffee_shop,coffee_shop; cafe; food_store; store; point_of_interest; food; establishment,Monday: Open 24 hours | Tuesday: Open 24 hours | Wednesday: Open 24 hours | Thursday: Open 24 hours | Friday: Open 24 hours | Saturday: 4:20 PM – 12:00 AM | Sunday: Open 24 hours,strict cafe,"cafe in 6th of October City, Giza, Egypt",cafe,6 October core,ChIJl5eoLvRWWBQRv2xnO2Lf024
Paul Bakery Mini Branch - Mall Of Arabia,PRICE_LEVEL_MODERATE,3.9,62,OPERATIONAL,,,https://maps.google.com/?cid=147349522617608208&g_mp=Cidnb29nbGUubWFwcy5wbGFjZXMudjEuUGxhY2VzLlNlYXJjaFRleHQQAhgEIAA,"Mall Of Arabia Gate, 13 New extension, First 6th of October, Giza Governorate 3236220, Egypt",30.009642199999995,30.977625800000002,coffee_shop,coffee_shop; cafe; food_store; food; store; point_of_interest; establishment,,strict cafe,"cafe in 6th of October City, Giza, Egypt",cafe,Sheikh Zayed west,ChIJ9wCZq5NXWBQREChyMZx9CwI
La Poire Bistro,PRICE_LEVEL_MODERATE,3.7,443,OPERATIONAL,010 09550100,,https://maps.google.com/?cid=16007444526858539976&g_mp=Cidnb29nbGUubWFwcy5wbGFjZXMudjEuUGxhY2VzLlNlYXJjaFRleHQQAhgEIAA,"El Wahat Road, Unit No. GA059, MALL OF EGYPT, G059A, قسم أول 6 أكتوبر، محافظة الجيزة 12573, Egypt",29.972213300000003,31.016440099999997,cafe,cafe; bakery; food_store; store; food; point_of_interest; establishment,Monday: 8:00 AM – 12:00 AM | Tuesday: 8:00 AM – 12:00 AM | Wednesday: 8:00 AM – 12:00 AM | Thursday: 8:00 AM – 12:00 AM | Friday: 8:00 AM – 12:00 AM | Saturday: 8:00 AM – 12:00 AM | Sunday: 8:00 AM – 12:00 AM,strict cafe,"cafe in 6th of October City, Giza, Egypt",cafe,Mall of Egypt / October,ChIJowuHpOZQWBQRyJMscfzdJd4
Coffee Berry,PRICE_LEVEL_MODERATE,3.6,190,OPERATIONAL,,https://www.facebook.com/profile.php?id=100077360333922,https://maps.google.com/?cid=4360138557644746082&g_mp=Cidnb29nbGUubWFwcy5wbGFjZXMudjEuUGxhY2VzLlNlYXJjaFRleHQQAhgEIAA,"22C3+2W8 Arkan Plaza, First Al Sheikh Zayed, Cairo Governorate 3242304, Egypt",30.0200292,31.0048292,coffee_shop,coffee_shop; cafe; food_store; store; food; point_of_interest; establishment,Monday: 8:00 AM – 12:00 AM | Tuesday: 8:00 AM – 12:00 AM | Wednesday: 8:00 AM – 12:00 AM | Thursday: 8:00 AM – 12:00 AM | Friday: 8:00 AM – 12:00 AM | Saturday: 8:00 AM – 12:00 AM | Sunday: 8:00 AM – 12:00 AM,strict cafe,"coffee shop in Sheikh Zayed City, Giza, Egypt",cafe,Capital Business Park / Zayed,ChIJ0zrnkBFbWBQRYi3my-pSgjw
La Poire Café,PRICE_LEVEL_MODERATE,3.6,132,OPERATIONAL,011 14863038,,https://maps.google.com/?cid=3867920677197675165&g_mp=Cidnb29nbGUubWFwcy5wbGFjZXMudjEuUGxhY2VzLlNlYXJjaFRleHQQAhgEIAA,"XWXX+JVV Shooting Club, First 6th of October, Giza Governorate 3231572, Egypt",29.999063000000003,30.949687999999995,cafe,cafe; bakery; food_store; store; food; point_of_interest; establishment,Monday: 8:00 AM – 12:00 AM | Tuesday: 8:00 AM – 12:00 AM | Wednesday: 8:00 AM – 12:00 AM | Thursday: 8:00 AM – 12:00 AM | Friday: 8:00 AM – 12:00 AM | Saturday: 8:00 AM – 12:00 AM | Sunday: 8:00 AM – 12:00 AM,strict cafe,"cafe in 6th of October City, Giza, Egypt",cafe,Arkan / Americana Plaza,ChIJWxDNZERXWBQRnXrB31ydrTU
كوفتا KUFTA,PRICE_LEVEL_MODERATE,4.9,4921,OPERATIONAL,,https://www.facebook.com/profile.php?id=100095137514140&mibextid=ZbWKwL,https://maps.google.com/?cid=14711564861748468882&g_mp=Cidnb29nbGUubWFwcy5wbGFjZXMudjEuUGxhY2VzLlNlYXJjaFRleHQQAhgEIAA,"Inside West Yard shopping center, Waslet Dahshur Rd, Al Giza Desert, Giza Governorate 3231801 Governorate, قسم أول 6 أكتوبر، محافظة الجيزة 3236172, Egypt",30.0144862,30.9759552,restaurant,restaurant; food; point_of_interest; establishment,Monday: 11:00 AM – 3:00 AM | Tuesday: 11:00 AM – 3:00 AM | Wednesday: 11:00 AM – 3:00 AM | Thursday: 11:00 AM – 3:00 AM | Friday: 11:00 AM – 3:00 AM | Saturday: 11:00 AM – 3:00 AM | Sunday: 11:00 AM – 3:00 AM,restaurant,"restaurant in 6th of October City, Giza, Egypt",restaurant,Sheikh Zayed west,ChIJi4KDCwAXWBQRktyi6kv6Kcw
139 Pyramids Lounge,PRICE_LEVEL_MODERATE,4.8,2684,OPERATIONAL,010 93092222,https://pyramidsspiritualgate.com/139pyramidslounge/,https://maps.google.com/?cid=1004956189763234960&g_mp=Cidnb29nbGUubWFwcy5wbGFjZXMudjEuUGxhY2VzLlNlYXJjaFRleHQQAhgEIAA,"105 Nazlet Al Seman, Nazlet El-Semman, Al Haram, Giza Governorate 00202, Egypt",29.9769672,31.144093100000003,restaurant,restaurant; food; point_of_interest; establishment,Monday: 7:00 AM – 1:00 AM | Tuesday: 7:00 AM – 1:00 AM | Wednesday: 7:00 AM – 1:00 AM | Thursday: 7:00 AM – 1:00 AM | Friday: 7:00 AM – 1:00 AM | Saturday: 7:00 AM – 1:00 AM | Sunday: 7:00 AM – 1:00 AM,restaurant,"restaurant in 6th of October City, Giza, Egypt",restaurant,Sheikh Zayed west,ChIJ1dJt_-ZFWBQRkOyqgVRS8g0
Norma,PRICE_LEVEL_MODERATE,4.8,2500,OPERATIONAL,010 20604700,https://normaegypt.com/,https://maps.google.com/?cid=2725126617051007985&g_mp=Cidnb29nbGUubWFwcy5wbGFjZXMudjEuUGxhY2VzLlNlYXJjaFRleHQQAhgEIAA,"Park St. west, First Al Sheikh Zayed, Giza Governorate 19519, Egypt",30.0254767,31.0113846,italian_restaurant,italian_restaurant; brunch_restaurant; performing_arts_theater; event_venue; restaurant; food; point_of_interest; establishment,Monday: 9:00 AM – 12:00 AM | Tuesday: 9:00 AM – 12:00 AM | Wednesday: 9:00 AM – 12:00 AM | Thursday: 9:00 AM – 1:00 AM | Friday: 9:00 AM – 1:00 AM | Saturday: 9:00 AM – 12:00 AM | Sunday: 9:00 AM – 12:00 AM,restaurant,"restaurant in 6th of October City, Giza, Egypt",restaurant,6 October core,ChIJCVXN_x1bWBQR8YtJSTiY0SU
Maharaja Indian Restaurant El Sheikh Zayed - مهراجا مطعم هندي الشيخ زايد,PRICE_LEVEL_MODERATE,4.7,1181,OPERATIONAL,012 82899929,http://www.maharaja-eg.com/,https://maps.google.com/?cid=14046519635483669143&g_mp=Cidnb29nbGUubWFwcy5wbGFjZXMudjEuUGxhY2VzLlNlYXJjaFRleHQQAhgEIAA,"Americana Plaza, First Al Sheikh Zayed, Giza Governorate 3245504, Egypt",30.027540799999997,31.013562,indian_restaurant,indian_restaurant; restaurant; food; point_of_interest; establishment,Monday: 12:00 PM – 12:00 AM | Tuesday: 12:00 PM – 12:00 AM | Wednesday: 12:00 PM – 12:00 AM | Thursday: 12:00 PM – 12:00 AM | Friday: 12:00 PM – 12:00 AM | Saturday: 12:00 PM – 12:00 AM | Sunday: 12:00 PM – 12:00 AM,restaurant,"restaurant in 6th of October City, Giza, Egypt",restaurant,Capital Business Park / Zayed,ChIJwz4ay7JbWBQRl7KN0y9D78I
Charl Restaurant,PRICE_LEVEL_MODERATE,4.7,815,OPERATIONAL,012 22223788,https://qrcodeeg.com/charl-restaurant/,https://maps.google.com/?cid=9063850636752785499&g_mp=Cidnb29nbGUubWFwcy5wbGFjZXMudjEuUGxhY2VzLlNlYXJjaFRleHQQAhgEIAA,"360،, كومباوند الهضبة داخل مول, Palm Hills, قسم أول 6 أكتوبر، محافظة الجيزة 3292411, Egypt",30.009976100000003,31.0194482,restaurant,restaurant; food; point_of_interest; establishment,Monday: 9:00 AM – 2:00 AM | Tuesday: 9:00 AM – 2:00 AM | Wednesday: 9:00 AM – 2:00 AM | Thursday: 9:00 AM – 3:00 AM | Friday: 9:00 AM – 3:00 AM | Saturday: 9:00 AM – 2:00 AM | Sunday: 9:00 AM – 2:00 AM,restaurant,"restaurant in 6th of October City, Giza, Egypt",restaurant,6 October core,ChIJGdlQHZZRWBQRWxDZvCFEyX0
Akemi Egypt Restaurant,PRICE_LEVEL_MODERATE,4.7,559,OPERATIONAL,010 66650616,https://menu.royalgreatpyramidinn.com/,https://maps.google.com/?cid=1109637435998558002&g_mp=Cidnb29nbGUubWFwcy5wbGFjZXMudjEuUGxhY2VzLlNlYXJjaFRleHQQAhgEIAA,"Royal Great Pyramid INN، 41a Cairo - Alexandria Desert Rd, Kafr Nassar, Al Haram, Giza Governorate 3515020, Egypt",29.9963313,31.121332400000004,restaurant,restaurant; food; point_of_interest; establishment,Monday: 7:00 AM – 11:00 PM | Tuesday: 7:00 AM – 11:00 PM | Wednesday: 7:00 AM – 11:00 PM | Thursday: 7:00 AM – 11:00 PM | Friday: 7:00 AM – 11:00 PM | Saturday: 7:00 AM – 11:00 PM | Sunday: 7:00 AM – 11:00 PM,restaurant,"restaurant in 6th of October City, Giza, Egypt",restaurant,Sheikh Zayed west,ChIJ39Nr6E1FWBQRMlcrcl45Zg8
Primo's pizza,PRICE_LEVEL_MODERATE,4.6,2493,OPERATIONAL,,https://m.facebook.com/primospizzame/,https://maps.google.com/?cid=3390212291717619576&g_mp=Cidnb29nbGUubWFwcy5wbGFjZXMudjEuUGxhY2VzLlNlYXJjaFRleHQQAhgEIAA,"2XJX+5PR, First Al Sheikh Zayed, Giza Governorate 3244410, Egypt",30.030496999999997,30.9992639,pizza_restaurant,pizza_restaurant; restaurant; food; point_of_interest; establishment,Monday: 11:00 AM – 12:00 AM | Tuesday: 11:00 AM – 12:00 AM | Wednesday: 11:00 AM – 12:00 AM | Thursday: 11:00 AM – 12:00 AM | Friday: 11:00 AM – 12:00 AM | Saturday: 11:00 AM – 12:00 AM | Sunday: 11:00 AM – 12:00 AM,restaurant,"restaurant in 6th of October City, Giza, Egypt",restaurant,Capital Business Park / Zayed,ChIJMUzLBTpbWBQReN_9AB50DC8
Street 88,PRICE_LEVEL_MODERATE,4.6,182,OPERATIONAL,02 35351200,,https://maps.google.com/?cid=15597266479163589701&g_mp=Cidnb29nbGUubWFwcy5wbGFjZXMudjEuUGxhY2VzLlNlYXJjaFRleHQQAhgEIAA,"Palm Hills October،, قسم أول 6 أكتوبر اول 6 أكتوبر, قسم أول 6 أكتوبر، قسم أول 6, محافظة الجيزة 3292704, Egypt",30.013948499999998,31.025387499999997,restaurant,restaurant; food; point_of_interest; establishment,,restaurant,"restaurant in 6th of October City, Giza, Egypt",restaurant,6 October core,ChIJHxBJVPFbWBQRRUSnlTmfdNg
Syriana palace الشيخ زايد,PRICE_LEVEL_MODERATE,4.5,1172,OPERATIONAL,011 55576010,https://syriana-egy.com/,https://maps.google.com/?cid=1403518947351610747&g_mp=Cidnb29nbGUubWFwcy5wbGFjZXMudjEuUGxhY2VzLlNlYXJjaFRleHQQAhgEIAA,"First Al Sheikh Zayed, Giza Governorate 12596, Egypt",30.0309352,30.998985,restaurant,restaurant; food; point_of_interest; establishment,Monday: 10:00 AM – 3:00 AM | Tuesday: 10:00 AM – 3:00 AM | Wednesday: 10:00 AM – 3:00 AM | Thursday: 10:00 AM – 3:00 AM | Friday: 10:00 AM – 3:00 AM | Saturday: 10:00 AM – 3:00 AM | Sunday: 10:00 AM – 3:00 AM,restaurant,"restaurant in 6th of October City, Giza, Egypt",restaurant,Capital Business Park / Zayed,ChIJIRgh7ulbWBQRe0Vs5AtNehM
Cinnabon,PRICE_LEVEL_MODERATE,4.5,865,OPERATIONAL,012 72777709,http://cinnabon-egypt.com/,https://maps.google.com/?cid=17283339975596841994&g_mp=Cidnb29nbGUubWFwcy5wbGFjZXMudjEuUGxhY2VzLlNlYXJjaFRleHQQAhgEIAA,"Alshekh Zayed City, 6th of October, Administrative Building ,Ground Level، AL Guezira Plaza, Unit No. G103 El-Bostan, First Al Sheikh Zayed, Giza Governorate 3242304, Egypt",30.020154,31.002527100000002,bakery,bakery; dessert_restaurant; food_store; store; restaurant; food; point_of_interest; establishment,Monday: 9:00 AM – 1:00 AM | Tuesday: 9:00 AM – 1:00 AM | Wednesday: 9:00 AM – 1:00 AM | Thursday: 9:00 AM – 1:00 AM | Friday: 9:00 AM – 1:00 AM | Saturday: 9:00 AM – 1:00 AM | Sunday: 9:00 AM – 1:00 AM,restaurant,"restaurant in 6th of October City, Giza, Egypt",restaurant,Sheikh Zayed west,ChIJN6VTNg5aWBQRChzCASPC2u8
SINGARI Abo Ghaly,PRICE_LEVEL_MODERATE,4.5,277,OPERATIONAL,011 00333777,,https://maps.google.com/?cid=17707984609419232303&g_mp=Cidnb29nbGUubWFwcy5wbGFjZXMudjEuUGxhY2VzLlNlYXJjaFRleHQQAhgEIAA,"مجمع ماجدة، First 6th of October, Giza Governorate 12566, Egypt",29.975133299999996,30.943559999999994,seafood_restaurant,seafood_restaurant; restaurant; food; point_of_interest; establishment,Monday: 12:15 – 10:30 PM | Tuesday: 12:15 – 11:30 PM | Wednesday: 12:15 – 11:30 PM | Thursday: 12:15 – 11:30 PM | Friday: 12:15 – 11:30 PM | Saturday: 12:15 – 11:30 PM | Sunday: 12:15 – 11:30 PM,restaurant,"restaurant in 6th of October City, Giza, Egypt",restaurant,6 October core,ChIJj7U5PPhWWBQRL4SEbC5mv_U
Ovio,PRICE_LEVEL_MODERATE,4.4,2041,OPERATIONAL,010 13333890,http://www.ovio.eu/,https://maps.google.com/?cid=17974119618186442335&g_mp=Cidnb29nbGUubWFwcy5wbGFjZXMudjEuUGxhY2VzLlNlYXJjaFRleHQQAhgEIAA,"Galleria 40، Al Giza, Giza Governorate 3242302, Egypt",30.01626,31.001244799999995,restaurant,restaurant; food; point_of_interest; establishment,Monday: 8:00 AM – 12:00 AM | Tuesday: 8:00 AM – 12:00 AM | Wednesday: 8:00 AM – 12:00 AM | Thursday: 8:00 AM – 12:00 AM | Friday: 8:00 AM – 12:00 AM | Saturday: 8:00 AM – 12:00 AM | Sunday: 8:00 AM – 12:00 AM,restaurant,"restaurant in 6th of October City, Giza, Egypt",restaurant,Sheikh Zayed west,ChIJQ7GT0ghaWBQRX_Zh0I_mcPk
Crave,PRICE_LEVEL_MODERATE,4.4,1218,OPERATIONAL,010 95152536,https://craveegypt.com/,https://maps.google.com/?cid=13728362527331601283&g_mp=Cidnb29nbGUubWFwcy5wbGFjZXMudjEuUGxhY2VzLlNlYXJjaFRleHQQAhgEIAA,"أركان بلازا مول، El-Bostan, قسم، First Al Sheikh Zayed, Giza Governorate 3242304, Egypt",30.0202958,31.003848400000003,restaurant,restaurant; food; point_of_interest; establishment,Monday: 10:00 AM – 12:00 AM | Tuesday: 10:00 AM – 12:00 AM | Wednesday: 10:00 AM – 12:00 AM | Thursday: 10:00 AM – 12:00 AM | Friday: 10:00 AM – 12:00 AM | Saturday: 10:00 AM – 12:00 AM | Sunday: 10:00 AM – 12:00 AM,restaurant,"restaurant in 6th of October City, Giza, Egypt",restaurant,6 October core,ChIJ_VnMFg5aWBQRg0tijfvwhL4
mista resturent mall of arabia,PRICE_LEVEL_MODERATE,4.4,817,OPERATIONAL,012 03877775,http://www.mista-eg.com/,https://maps.google.com/?cid=1458491278692596855&g_mp=Cidnb29nbGUubWFwcy5wbGFjZXMudjEuUGxhY2VzLlNlYXJjaFRleHQQAhgEIAA,"Mall of Arabia, First 6th of October, Giza Governorate 3236220, Egypt",30.0086411,30.976249199999998,restaurant,restaurant; food; point_of_interest; establishment,Monday: 8:00 AM – 12:00 AM | Tuesday: 8:00 AM – 12:00 AM | Wednesday: 8:00 AM – 12:00 AM | Thursday: 8:00 AM – 12:00 AM | Friday: 8:00 AM – 12:00 AM | Saturday: 8:00 AM – 12:00 AM | Sunday: 8:00 AM – 12:00 AM,restaurant,"restaurant in 6th of October City, Giza, Egypt",restaurant,Sheikh Zayed west,ChIJMf6VWq9XWBQRdzx6LheaPRQ
مطعم ومسمط الخال,PRICE_LEVEL_MODERATE,4.4,664,OPERATIONAL,010 19085907,,https://maps.google.com/?cid=11570486078958190049&g_mp=Cidnb29nbGUubWFwcy5wbGFjZXMudjEuUGxhY2VzLlNlYXJjaFRleHQQAhgEIAA,"مجاورة رابعه، شارع اسواق الطيب، First 6th of October, Giza Governorate 3232510, Egypt",29.9636027,30.9407602,restaurant,restaurant; food; point_of_interest; establishment,Monday: 11:00 AM – 3:00 AM | Tuesday: 11:00 AM – 3:00 AM | Wednesday: 11:00 AM – 3:00 AM | Thursday: 11:00 AM – 3:00 AM | Friday: 11:00 AM – 3:00 AM | Saturday: 11:00 AM – 3:00 AM | Sunday: 11:00 AM – 3:00 AM,restaurant,"restaurant in 6th of October City, Giza, Egypt",restaurant,6 October core,ChIJ7TrE611XWBQR4b3nJsmfkqA
La Casetta,PRICE_LEVEL_MODERATE,4.4,207,OPERATIONAL,011 26665600,https://www.facebook.com/lacasettaegypt/,https://maps.google.com/?cid=6094872333359755048&g_mp=Cidnb29nbGUubWFwcy5wbGFjZXMudjEuUGxhY2VzLlNlYXJjaFRleHQQAhgEIAA,"المحور المركزى،، First Al Sheikh Zayed, Giza Governorate 3244030, Egypt",30.030439299999994,30.995927799999997,italian_restaurant,italian_restaurant; restaurant; food; point_of_interest; establishment,Monday: 12:00 PM – 12:00 AM | Tuesday: 12:00 PM – 12:00 AM | Wednesday: 12:00 PM – 12:00 AM | Thursday: 12:00 PM – 12:00 AM | Friday: 12:00 PM – 12:00 AM | Saturday: 12:00 PM – 12:00 AM | Sunday: 12:00 PM – 12:00 AM,restaurant,"restaurant in 6th of October City, Giza, Egypt",restaurant,Capital Business Park / Zayed,ChIJ29f94LFbWBQRKK9DXRhWlVQ
El Prince Restaurant,PRICE_LEVEL_MODERATE,4.3,16972,OPERATIONAL,02 38506139,https://www.facebook.com/KebdetElprince/,https://maps.google.com/?cid=633725447150583802&g_mp=Cidnb29nbGUubWFwcy5wbGFjZXMudjEuUGxhY2VzLlNlYXJjaFRleHQQAhgEIAA,"بجوار الجامع الابيض، First Al Sheikh Zayed, Giza Governorate 3245411, Egypt",30.037763299999998,31.0086479,restaurant,restaurant; food; point_of_interest; establishment,Monday: 2:00 PM – 5:00 AM | Tuesday: 2:00 PM – 5:00 AM | Wednesday: 2:00 PM – 5:00 AM | Thursday: 2:00 PM – 5:00 AM | Friday: 2:00 PM – 5:00 AM | Saturday: 2:00 PM – 5:00 AM | Sunday: 2:00 PM – 5:00 AM,restaurant,"restaurant in 6th of October City, Giza, Egypt",restaurant,Capital Business Park / Zayed,ChIJnw8iybhAWBQR-j-Jwu9xywg
Willy's,PRICE_LEVEL_MODERATE,4.3,2297,OPERATIONAL,0219256,https://willys-kitchen.com/,https://maps.google.com/?cid=12803850565329856274&g_mp=Cidnb29nbGUubWFwcy5wbGFjZXMudjEuUGxhY2VzLlNlYXJjaFRleHQQAhgEIAA,"Kargo Mall, Al Shabab Rd, First Al Sheikh Zayed, Giza Governorate 12593, Egypt",30.0311596,30.9959519,hamburger_restaurant,hamburger_restaurant; fast_food_restaurant; sandwich_shop; american_restaurant; restaurant; food; point_of_interest; establishment,Monday: 11:00 AM – 2:00 AM | Tuesday: 11:00 AM – 2:00 AM | Wednesday: 11:00 AM – 2:00 AM | Thursday: 11:00 AM – 2:00 AM | Friday: 11:00 AM – 2:00 AM | Saturday: 11:00 AM – 2:00 AM | Sunday: 11:00 AM – 2:00 AM,restaurant,"restaurant in 6th of October City, Giza, Egypt",restaurant,Capital Business Park / Zayed,ChIJaTasUN1bWBQREqerX0BqsLE
Arigato Sushi & Grill,PRICE_LEVEL_MODERATE,4.3,954,OPERATIONAL,0216264,https://www.arigatosushigrill.com/en,https://maps.google.com/?cid=6808427216358365937&g_mp=Cidnb29nbGUubWFwcy5wbGFjZXMudjEuUGxhY2VzLlNlYXJjaFRleHQQAhgEIAA,"مول ليجندا، El-Zohour, First Al Sheikh Zayed, Giza Governorate 3244501, Egypt",30.028208399999993,31.000682099999995,japanese_restaurant,japanese_restaurant; restaurant; food; point_of_interest; establishment,Monday: 12:00 – 11:30 PM | Tuesday: 12:00 – 11:30 PM | Wednesday: 12:00 – 11:30 PM | Thursday: 12:00 PM – 12:30 AM | Friday: 12:00 PM – 12:30 AM | Saturday: 12:00 – 11:30 PM | Sunday: 12:00 – 11:30 PM,restaurant,"restaurant in 6th of October City, Giza, Egypt",restaurant,Capital Business Park / Zayed,ChIJ3dCWPxdaWBQR8VokDntkfF4
The Balcon restaurant and cafe,PRICE_LEVEL_MODERATE,4.3,890,OPERATIONAL,012 26490879,,https://maps.google.com/?cid=12529536295096176627&g_mp=Cidnb29nbGUubWFwcy5wbGFjZXMudjEuUGxhY2VzLlNlYXJjaFRleHQQAhgEIAA,"مول المعز بلازا خلف الجامعه الكنديه امام كمبوند, Second Al Sheikh Zayed, Giza Governorate 3243533, Egypt",30.044178799999997,30.987367000000003,japanese_izakaya_restaurant,japanese_izakaya_restaurant; japanese_restaurant; restaurant; food; point_of_interest; establishment,Monday: Open 24 hours | Tuesday: Open 24 hours | Wednesday: Open 24 hours | Thursday: Open 24 hours | Friday: Open 24 hours | Saturday: Open 24 hours | Sunday: Open 24 hours,restaurant,"restaurant in 6th of October City, Giza, Egypt",restaurant,Capital Business Park / Zayed,ChIJoSkSFBFZWBQR80-SReDa4a0
El Megharbel Sheikh Zayed,PRICE_LEVEL_MODERATE,4.3,704,OPERATIONAL,02 37850888,https://elmegharbelgrills.com/en,https://maps.google.com/?cid=10301713208553046666&g_mp=Cidnb29nbGUubWFwcy5wbGFjZXMudjEuUGxhY2VzLlNlYXJjaFRleHQQAhgEIAA,"Second Al Sheikh Zayed, Giza Governorate 3243502, Egypt",30.042812500000004,30.9809375,restaurant,restaurant; food; point_of_interest; establishment,Monday: 10:00 AM – 11:00 PM | Tuesday: 10:00 AM – 11:00 PM | Wednesday: 10:00 AM – 11:00 PM | Thursday: 10:00 AM – 11:00 PM | Friday: 10:00 AM – 11:00 PM | Saturday: 10:00 AM – 11:00 PM | Sunday: 10:00 AM – 11:00 PM,restaurant,"restaurant in 6th of October City, Giza, Egypt",restaurant,Capital Business Park / Zayed,ChIJFVq1JIxZWBQRigLBFZUJ944
What the truck,PRICE_LEVEL_MODERATE,4.3,568,OPERATIONAL,011 11142516,https://www.whatthetruckegy.com/,https://maps.google.com/?cid=17317869975063281573&g_mp=Cidnb29nbGUubWFwcy5wbGFjZXMudjEuUGxhY2VzLlNlYXJjaFRleHQQAhgEIAA,"Second Al Sheikh Zayed, Giza Governorate 3243533, Egypt",30.043624299999998,30.9871484,sandwich_shop,sandwich_shop; restaurant; food; point_of_interest; establishment,Monday: 11:00 AM – 3:00 AM | Tuesday: 11:00 AM – 3:00 AM | Wednesday: 11:00 AM – 3:00 AM | Thursday: 11:00 AM – 3:00 AM | Friday: 11:00 AM – 3:00 AM | Saturday: 11:00 AM – 3:00 AM | Sunday: 11:00 AM – 3:00 AM,restaurant,"restaurant in 6th of October City, Giza, Egypt",restaurant,Capital Business Park / Zayed,ChIJKRTWdxtZWBQRpb8MAv1uVfA
Tajin Palace - قصر الطواجن,PRICE_LEVEL_MODERATE,4.3,171,OPERATIONAL,010 70047171,,https://maps.google.com/?cid=1130862981142382730&g_mp=Cidnb29nbGUubWFwcy5wbGFjZXMudjEuUGxhY2VzLlNlYXJjaFRleHQQAhgEIAA,"لاسيتيه مول عند خير زمان, XWCQ+VPG عمارة خلف تاكي و الراضي للمكسرات, متفرع من المحور، قسم أول 6 أكتوبر، محافظة الجيزة 3232023, Egypt",29.9721797,30.939331099999997,middle_eastern_restaurant,middle_eastern_restaurant; restaurant; food; point_of_interest; establishment,,restaurant,"restaurant in 6th of October City, Giza, Egypt",restaurant,Sheikh Zayed west,ChIJH6h5--xXWBQRioihyOOhsQ8
Kick zone Cafe,PRICE_LEVEL_MODERATE,4.3,164,OPERATIONAL,011 59220666,,https://maps.google.com/?cid=7847151446797638169&g_mp=Cidnb29nbGUubWFwcy5wbGFjZXMudjEuUGxhY2VzLlNlYXJjaFRleHQQAhgEIAA,"2X3P+467, First 6th of October, Giza Governorate 3238059, Egypt",29.9999516,30.9882415,restaurant,restaurant; food; point_of_interest; establishment,Monday: 10:00 AM – 12:00 AM | Tuesday: 10:00 AM – 2:30 AM | Wednesday: 10:00 AM – 12:00 AM | Thursday: 10:00 AM – 2:30 AM | Friday: 10:00 AM – 2:30 AM | Saturday: 10:00 AM – 2:30 AM | Sunday: 10:00 AM – 2:30 AM,restaurant,"restaurant in 6th of October City, Giza, Egypt",restaurant,Sheikh Zayed west,ChIJnYEGV0JXWBQRGdoQNaqu5mw
روستو أهل اكتوبر,PRICE_LEVEL_MODERATE,4.2,13741,OPERATIONAL,012 00001100,,https://maps.google.com/?cid=7081878517000151114&g_mp=Cidnb29nbGUubWFwcy5wbGFjZXMudjEuUGxhY2VzLlNlYXJjaFRleHQQAhgEIAA,"First 6th of October, Giza Governorate 3232022, Egypt",29.971061499999998,30.939208599999994,restaurant,restaurant; food; point_of_interest; establishment,Monday: 1:00 PM – 3:00 AM | Tuesday: 1:00 PM – 3:00 AM | Wednesday: 1:00 PM – 3:00 AM | Thursday: 1:00 PM – 3:00 AM | Friday: 1:00 PM – 3:00 AM | Saturday: 1:00 PM – 3:00 AM | Sunday: 10:00 AM – 3:00 AM,restaurant,"restaurant in 6th of October City, Giza, Egypt",restaurant,6 October core,ChIJkebkzQdXWBQRSqBDZP3iR2I
Andrea El Mariouteya New Giza,PRICE_LEVEL_MODERATE,4.2,6053,OPERATIONAL,010 03531000,http://www.andreamariouteya.com/,https://maps.google.com/?cid=5052419225158885587&g_mp=Cidnb29nbGUubWFwcy5wbGFjZXMudjEuUGxhY2VzLlNlYXJjaFRleHQQAhgEIAA,"مبنى التصميم الميكانيكى الجديد، New Giza Rd, First 6th of October, Giza Governorate 3293400, Egypt",30.0216696,31.052983400000002,chicken_restaurant,chicken_restaurant; restaurant; food; point_of_interest; establishment,Monday: 12:00 – 11:00 PM | Tuesday: 12:00 – 11:00 PM | Wednesday: 12:00 – 11:00 PM | Thursday: 12:00 – 11:00 PM | Friday: 12:00 – 11:00 PM | Saturday: 12:00 – 11:00 PM | Sunday: 12:00 – 11:00 PM,restaurant,"restaurant in 6th of October City, Giza, Egypt",restaurant,6 October core,ChIJeTM5CutaWBQR0yDzM4TMHUY
Chef el Sham,PRICE_LEVEL_MODERATE,4.2,3979,OPERATIONAL,011 10039840,https://online.fliphtml5.com/tlipa/qpui,https://maps.google.com/?cid=14004364558968178020&g_mp=Cidnb29nbGUubWFwcy5wbGFjZXMudjEuUGxhY2VzLlNlYXJjaFRleHQQAhgEIAA,"444 Practical Art Institute St, First 6th of October, محافظة القاهرة‬ 3232645, Egypt",29.9723013,30.9550019,restaurant,chicken_restaurant; restaurant; food; point_of_interest; establishment,Monday: Open 24 hours | Tuesday: Open 24 hours | Wednesday: Open 24 hours | Thursday: Open 24 hours | Friday: Open 24 hours | Saturday: Open 24 hours | Sunday: Open 24 hours,restaurant,"restaurant in 6th of October City, Giza, Egypt",restaurant,6 October core,ChIJW9scROVWWBQRZEVeOl5_WcI
Caracas,PRICE_LEVEL_MODERATE,4.2,3407,OPERATIONAL,010 23311265,https://www.facebook.com/caracasegypt,https://maps.google.com/?cid=12263249975468566870&g_mp=Cidnb29nbGUubWFwcy5wbGFjZXMudjEuUGxhY2VzLlNlYXJjaFRleHQQAhgEIAA,"Plot 31, Arkan Plaza, First Al Sheikh Zayed, Giza Governorate 3242304, Egypt",30.0201321,31.0035605,lebanese_restaurant,lebanese_restaurant; breakfast_restaurant; restaurant; food; point_of_interest; establishment,Monday: 10:00 AM – 12:00 AM | Tuesday: 10:00 AM – 12:00 AM | Wednesday: 10:00 AM – 12:00 AM | Thursday: 10:00 AM – 12:00 AM | Friday: 10:00 AM – 12:00 AM | Saturday: 10:00 AM – 12:00 AM | Sunday: 10:00 AM – 12:00 AM,restaurant,"restaurant in 6th of October City, Giza, Egypt",restaurant,Sheikh Zayed west,ChIJN6MCEQ5aWBQRVimfE-HQL6o
McDonald's Arkan Plaza,PRICE_LEVEL_MODERATE,4.2,1271,OPERATIONAL,,http://mcdelivery.eg/,https://maps.google.com/?cid=6369015885296029119&g_mp=Cidnb29nbGUubWFwcy5wbGFjZXMudjEuUGxhY2VzLlNlYXJjaFRleHQQAhgEIAA,"مول اركان،, Arkan Mall, محور 26 يوليو، أول الشيخ زايد، محافظة الجيزة 3242304, Egypt",30.0186341,31.004922699999998,fast_food_restaurant,fast_food_restaurant; restaurant; food; point_of_interest; establishment,Monday: 8:00 AM – 1:00 AM | Tuesday: 8:00 AM – 1:00 AM | Wednesday: 8:00 AM – 1:00 AM | Thursday: 8:00 AM – 1:00 AM | Friday: 8:00 AM – 1:00 AM | Saturday: 8:00 AM – 1:00 AM | Sunday: 8:00 AM – 1:00 AM,restaurant,"restaurant in 6th of October City, Giza, Egypt",restaurant,Sheikh Zayed west,ChIJn-ZCe9hbWBQRv83jAzRKY1g
McDonald's Palm Strip 6th October,PRICE_LEVEL_MODERATE,4.2,1253,OPERATIONAL,02 21600377,https://www.mcdelivery.eg/,https://maps.google.com/?cid=3804873348459704273&g_mp=Cidnb29nbGUubWFwcy5wbGFjZXMudjEuUGxhY2VzLlNlYXJjaFRleHQQAhgEIAA,"East of Somied, beside MUST and Technology, 6 of October غرب سوميد-متفرع من المحور المركزي, جانب جامعة مصر للعلوم و التكنولوجيا-6أكتوبر, First 6th of October, Giza Governorate 3237001, Egypt",29.991367900000004,30.966717799999998,fast_food_restaurant,fast_food_restaurant; restaurant; food; point_of_interest; establishment,Monday: 7:00 AM – 3:00 AM | Tuesday: 7:00 AM – 3:00 AM | Wednesday: 7:00 AM – 3:00 AM | Thursday: 7:00 AM – 3:00 AM | Friday: 7:00 AM – 3:00 AM | Saturday: 7:00 AM – 3:00 AM | Sunday: 7:00 AM – 3:00 AM,restaurant,"restaurant in 6th of October City, Giza, Egypt",restaurant,Sheikh Zayed west,ChIJtWmyb0ZXWBQR0a9KviagzTQ
Akleh - أكله,PRICE_LEVEL_MODERATE,4.2,1010,OPERATIONAL,010 00121001,https://akleh.prepit.app/home?franchise=aklehzayed,https://maps.google.com/?cid=18012716452961280937&g_mp=Cidnb29nbGUubWFwcy5wbGFjZXMudjEuUGxhY2VzLlNlYXJjaFRleHQQAhgEIAA,"Center al quds, Second Al Sheikh Zayed, Giza Governorate 3245411, Egypt",30.0371579,31.011074400000002,restaurant,lebanese_restaurant; fast_food_restaurant; shawarma_restaurant; middle_eastern_restaurant; restaurant; food; point_of_interest; establishment,Monday: 7:00 AM – 3:00 AM | Tuesday: 7:00 AM – 3:00 AM | Wednesday: 7:00 AM – 3:00 AM | Thursday: 7:00 AM – 3:00 AM | Friday: 7:00 AM – 3:00 AM | Saturday: 7:00 AM – 3:00 AM | Sunday: 7:00 AM – 3:00 AM,restaurant,"restaurant in 6th of October City, Giza, Egypt",restaurant,Capital Business Park / Zayed,ChIJJ00zJaNbWBQRqWOXsi0G-vk
AL Hamra ST. Restaurant - مطعم شارع الحمرا فرع زايد,PRICE_LEVEL_MODERATE,4.2,938,OPERATIONAL,,https://www.facebook.com/ElHamraSTeg/?mibextid=ZbWKwL,https://maps.google.com/?cid=2880086984893334780&g_mp=Cidnb29nbGUubWFwcy5wbGFjZXMudjEuUGxhY2VzLlNlYXJjaFRleHQQAhgEIAA,"Opposite to Galleria, Chillout Petrol Station, 40 محور 26 يوليو، قسم أول 6 أكتوبر، محافظة الجيزة 3292301, Egypt",30.015425900000004,31.002780599999998,lebanese_restaurant,lebanese_restaurant; restaurant; food; point_of_interest; establishment,Monday: 10:00 AM – 12:00 AM | Tuesday: 10:00 AM – 12:00 AM | Wednesday: 10:00 AM – 12:00 AM | Thursday: 10:00 AM – 12:00 AM | Friday: 10:00 AM – 12:00 AM | Saturday: 10:00 AM – 12:00 AM | Sunday: 10:00 AM – 12:00 AM,restaurant,"restaurant in 6th of October City, Giza, Egypt",restaurant,Sheikh Zayed west,ChIJ7WFNU-VbWBQR_ATLeNof-Cc
McDonald's Glory Mall,PRICE_LEVEL_MODERATE,4.2,919,OPERATIONAL,02 21600377,https://www.mcdelivery.eg/,https://maps.google.com/?cid=4172420513714082314&g_mp=Cidnb29nbGUubWFwcy5wbGFjZXMudjEuUGxhY2VzLlNlYXJjaFRleHQQAhgEIAA,"45 El Mahwar El Markazy, next to El Nasr sport mall, 6th October city 45 المحور المركزي -بعد النصر الرياضي, مول-6اكتوبر, First 6th of October, 6th of October City (2), Giza Governorate 3225020, Egypt",29.9605435,30.920834,restaurant,restaurant; food; point_of_interest; establishment,Monday: 7:00 AM – 2:00 AM | Tuesday: 7:00 AM – 2:00 AM | Wednesday: 7:00 AM – 2:00 AM | Thursday: 7:00 AM – 2:00 AM | Friday: 7:00 AM – 2:00 AM | Saturday: 7:00 AM – 2:00 AM | Sunday: 7:00 AM – 2:00 AM,restaurant,"restaurant in 6th of October City, Giza, Egypt",restaurant,Sheikh Zayed west,ChIJZRU0L6xXWBQRChJ7zVlq5zk
Sahraan,PRICE_LEVEL_MODERATE,4.2,599,OPERATIONAL,,,https://maps.google.com/?cid=14785011537980998942&g_mp=Cidnb29nbGUubWFwcy5wbGFjZXMudjEuUGxhY2VzLlNlYXJjaFRleHQQAhgEIAA,"63 Al Mehwar Al Markazi Al Nassr St, First 6th of October, Giza Governorate 3232412, Egypt",29.9705828,30.9424086,restaurant,restaurant; food; point_of_interest; establishment,Monday: 10:00 AM – 2:00 AM | Tuesday: 10:00 AM – 2:00 AM | Wednesday: 10:00 AM – 2:00 AM | Thursday: 10:00 AM – 2:00 AM | Friday: 10:00 AM – 2:00 AM | Saturday: 10:00 AM – 2:00 AM | Sunday: 10:00 AM – 2:00 AM,restaurant,"restaurant in 6th of October City, Giza, Egypt",restaurant,6 October core,ChIJbRmdXm1WWBQRHsVo0ajpLs0
Fortina Cafe,PRICE_LEVEL_MODERATE,4.2,515,OPERATIONAL,010 29042147,,https://maps.google.com/?cid=3956901477661041805&g_mp=Cidnb29nbGUubWFwcy5wbGFjZXMudjEuUGxhY2VzLlNlYXJjaFRleHQQAhgEIAA,"المحور المركزى،, First Al Sheikh Zayed, Giza Governorate 3244401, Egypt",30.0304105,31.0008883,restaurant,restaurant; food; point_of_interest; establishment,Monday: Open 24 hours | Tuesday: Open 24 hours | Wednesday: Open 24 hours | Thursday: Open 24 hours | Friday: Open 24 hours | Saturday: Open 24 hours | Sunday: Open 24 hours,restaurant,"restaurant in 6th of October City, Giza, Egypt",restaurant,Capital Business Park / Zayed,ChIJa9T2ig9bWBQRjWQ06-286TY
مشويات جيمي للتميز اصول ١٩٧٦,PRICE_LEVEL_MODERATE,4.2,293,OPERATIONAL,010 03641443,,https://maps.google.com/?cid=7807778626783030558&g_mp=Cidnb29nbGUubWFwcy5wbGFjZXMudjEuUGxhY2VzLlNlYXJjaFRleHQQAhgEIAA,"طريق وصلة دهشور، الشيخ زايد، الجيزة،، First Al Sheikh Zayed, Giza Governorate 3242001, Egypt",30.014821200000004,30.977134099999994,barbecue_restaurant,barbecue_restaurant; restaurant; food; point_of_interest; establishment,,restaurant,"restaurant in 6th of October City, Giza, Egypt",restaurant,Sheikh Zayed west,ChIJM8fhHslXWBQRHi1KLkvNWmw
Pizza and Pasta Altayebat,PRICE_LEVEL_MODERATE,4.2,272,OPERATIONAL,011 28994811,https://www.elmenus.com/ar/%D8%A7%D9%84%D9%82%D8%A7%D9%87%D8%B1%D8%A9/%D8%A8%D9%8A%D8%AA%D8%B2%D8%A7-%D8%A7%D9%84%D8%B7%D9%8A%D8%A8%D8%A7%D8%AA-y9ra,https://maps.google.com/?cid=3789027492247521601&g_mp=Cidnb29nbGUubWFwcy5wbGFjZXMudjEuUGxhY2VzLlNlYXJjaFRleHQQAhgEIAA,"106 Anwar Al Sadat St, First 6th of October, Giza Governorate 3232425, Egypt",29.9687098,30.9407787,restaurant,restaurant; food; point_of_interest; establishment,Monday: 7:00 AM – 3:00 AM | Tuesday: 7:00 AM – 3:00 AM | Wednesday: 7:00 AM – 3:00 AM | Thursday: 7:00 AM – 3:00 AM | Friday: 7:00 AM – 3:00 AM | Saturday: 7:00 AM – 3:00 AM | Sunday: 7:00 AM – 3:00 AM,restaurant,"restaurant in 6th of October City, Giza, Egypt",restaurant,6 October core,ChIJtXWeRl9WWBQRQUma121UlTQ
Wahet Khattab,PRICE_LEVEL_MODERATE,4.1,5799,OPERATIONAL,010 11800005,https://wahetkhattab.com/,https://maps.google.com/?cid=17284253270186655708&g_mp=Cidnb29nbGUubWFwcy5wbGFjZXMudjEuUGxhY2VzLlNlYXJjaFRleHQQAhgEIAA,"امام بوابه زايد 3، Waslet Dahshur Rd, First 6th of October, Giza Governorate 3236167, Egypt",30.019165400000002,30.972183,restaurant,restaurant; food; point_of_interest; establishment,Monday: 11:00 AM – 4:00 AM | Tuesday: 11:00 AM – 4:00 AM | Wednesday: 11:00 AM – 4:00 AM | Thursday: 11:00 AM – 4:00 AM | Friday: 11:00 AM – 4:00 AM | Saturday: 11:00 AM – 4:00 AM | Sunday: 11:00 AM – 4:00 AM,restaurant,"restaurant in 6th of October City, Giza, Egypt",restaurant,Sheikh Zayed west,ChIJfygV2tJXWBQR3P9b-cUA3u8
Ahl Alraya Syrian Restaurant,PRICE_LEVEL_MODERATE,4.1,5618,OPERATIONAL,011 43439090,https://www.facebook.com/ahl.alraya.sy?mibextid=9R9pXO,https://maps.google.com/?cid=9901953245397836497&g_mp=Cidnb29nbGUubWFwcy5wbGFjZXMudjEuUGxhY2VzLlNlYXJjaFRleHQQAhgEIAA,"6أكتوبر الحي الأول سنتر العربي مقابل مسجد الهدى, قسم أول 6 أكتوبر، 6 October, محافظة الجيزة 12563, Egypt",29.9714661,30.9509952,restaurant,restaurant; food; point_of_interest; establishment,Monday: 8:00 AM – 3:00 AM | Tuesday: 8:00 AM – 3:00 AM | Wednesday: 8:00 AM – 3:00 AM | Thursday: 8:00 AM – 3:00 AM | Friday: 8:00 AM – 3:00 AM | Saturday: 7:00 AM – 3:00 AM | Sunday: 8:00 AM – 3:00 AM,restaurant,"restaurant in 6th of October City, Giza, Egypt",restaurant,6 October core,ChIJfTf3mi5XWBQR0eJ2jgPOaok
McDonald's 6th October Hosary Branch,PRICE_LEVEL_MODERATE,4.1,2699,OPERATIONAL,02 21600377,https://mcdonalds.eg/,https://maps.google.com/?cid=13749967440804434516&g_mp=Cidnb29nbGUubWFwcy5wbGFjZXMudjEuUGxhY2VzLlNlYXJjaFRleHQQAhgEIAA,"39, Hosary square, 39 ميدان الحصري, First 6th of October, 6اكتوبر, Giza Governorate 3232412, Egypt",29.971581999999994,30.944150399999998,fast_food_restaurant,fast_food_restaurant; breakfast_restaurant; restaurant; food; point_of_interest; establishment,Monday: 7:00 AM – 12:00 AM | Tuesday: 7:00 AM – 12:00 AM | Wednesday: 7:00 AM – 12:00 AM | Thursday: 7:00 AM – 12:00 AM | Friday: 7:00 AM – 12:00 AM | Saturday: 7:00 AM – 12:00 AM | Sunday: 7:00 AM – 12:00 AM,restaurant,"restaurant in 6th of October City, Giza, Egypt",restaurant,6 October core,ChIJGwWA7WtXWBQRVNJVdomy0b4
Zaki El-Sammak Restaurant,PRICE_LEVEL_MODERATE,4.1,2370,OPERATIONAL,011 11535566,http://menuegypt.com/ar/%D8%B2%D9%83%D9%89-%D8%A7%D9%84%D8%B3%D9%85%D8%A7%D9%83,https://maps.google.com/?cid=6804186823718533215&g_mp=Cidnb29nbGUubWFwcy5wbGFjZXMudjEuUGxhY2VzLlNlYXJjaFRleHQQAhgEIAA,"XW5M+PHR, First 6th of October, Giza Governorate 3232211, Egypt",29.9593699,30.9339035,seafood_restaurant,seafood_restaurant; restaurant; food; point_of_interest; establishment,Monday: 12:00 PM – 1:00 AM | Tuesday: 12:00 PM – 1:00 AM | Wednesday: 12:00 PM – 1:00 AM | Thursday: 12:00 PM – 1:00 AM | Friday: 12:00 PM – 1:00 AM | Saturday: 12:00 PM – 1:00 AM | Sunday: 12:00 PM – 2:00 AM,restaurant,"restaurant in 6th of October City, Giza, Egypt",restaurant,6 October core,ChIJgWGaRWRWWBQRX_gitd1TbV4
اولاد طأطأ,PRICE_LEVEL_MODERATE,4.1,1635,OPERATIONAL,02 38506668,http://tataseafood.com/,https://maps.google.com/?cid=10123146947308804737&g_mp=Cidnb29nbGUubWFwcy5wbGFjZXMudjEuUGxhY2VzLlNlYXJjaFRleHQQAhgEIAA,"22Q5+2Q7, First Al Sheikh Zayed, Giza Governorate 3245411, Egypt",30.0375447,31.0094358,seafood_restaurant,seafood_restaurant; restaurant; food; point_of_interest; establishment,Monday: 10:00 AM – 2:00 AM | Tuesday: 10:00 AM – 2:00 AM | Wednesday: 10:00 AM – 2:00 AM | Thursday: 10:00 AM – 2:00 AM | Friday: 10:00 AM – 2:00 AM | Saturday: 10:00 AM – 2:00 AM | Sunday: 10:00 AM – 2:00 AM,restaurant,"restaurant in 6th of October City, Giza, Egypt",restaurant,Capital Business Park / Zayed,ChIJPz0Ig55bWBQRgdpri4OkfIw
Papa Johns Pizza,PRICE_LEVEL_MODERATE,4.1,1437,OPERATIONAL,011 44411020,https://www.papajohns.com/international/?utm_source=yext-google-my-business&utm_medium=organic-search&utm_campaign=local-listing,https://maps.google.com/?cid=3830874040857630809&g_mp=Cidnb29nbGUubWFwcy5wbGFjZXMudjEuUGxhY2VzLlNlYXJjaFRleHQQAhgEIAA,"6th Of October, Commercial Center, قسم أول 6 أكتوبر، محافظة الجيزة 3290001, Egypt",30.008382999999995,30.983106999999997,pizza_restaurant,pizza_restaurant; fast_food_restaurant; vegetarian_restaurant; meal_takeaway; restaurant; food; point_of_interest; establishment,Monday: 1:00 PM – 3:00 AM | Tuesday: 1:00 PM – 3:00 AM | Wednesday: 1:00 PM – 3:00 AM | Thursday: 1:00 PM – 3:00 AM | Friday: 1:00 PM – 3:00 AM | Saturday: 1:00 PM – 3:00 AM | Sunday: 1:00 PM – 3:00 AM,restaurant,"restaurant in 6th of October City, Giza, Egypt",restaurant,Sheikh Zayed west,ChIJnWwt52dWWBQRWZiVsKT_KTU
Spectra Restaurant & Cafe,PRICE_LEVEL_MODERATE,4.1,1307,OPERATIONAL,010 66602606,http://spectrarestaurant.com/,https://maps.google.com/?cid=3468504426569821164&g_mp=Cidnb29nbGUubWFwcy5wbGFjZXMudjEuUGxhY2VzLlNlYXJjaFRleHQQAhgEIAA,"XXG3+WH8 Family mall، السنترال، First 6th of October, Giza Governorate 3233401, Egypt",29.9772865,30.9539677,restaurant,restaurant; food; point_of_interest; establishment,Monday: 11:00 AM – 12:00 AM | Tuesday: 11:00 AM – 12:00 AM | Wednesday: 11:00 AM – 12:00 AM | Thursday: 11:00 AM – 12:00 AM | Friday: 11:00 AM – 12:00 AM | Saturday: 11:00 AM – 12:00 AM | Sunday: 11:00 AM – 12:00 AM,restaurant,"restaurant in 6th of October City, Giza, Egypt",restaurant,6 October core,ChIJqapBVONWWBQR7GuQJ2aaIjA
مطعم البرنس كريش,PRICE_LEVEL_MODERATE,4.1,1094,OPERATIONAL,010 00373319,https://www.prince-krrish.com/,https://maps.google.com/?cid=17901179864872884685&g_mp=Cidnb29nbGUubWFwcy5wbGFjZXMudjEuUGxhY2VzLlNlYXJjaFRleHQQAhgEIAA,"1 Generation 2000 School, First 6th of October, Giza Governorate 3232532, Egypt",29.9667902,30.944306800000003,barbecue_restaurant,barbecue_restaurant; restaurant; food; point_of_interest; establishment,Monday: 10:00 AM – 3:00 AM | Tuesday: 10:00 AM – 3:00 AM | Wednesday: 10:00 AM – 3:00 AM | Thursday: 10:00 AM – 3:00 AM | Friday: 10:00 AM – 3:00 AM | Saturday: 10:00 AM – 3:00 AM | Sunday: 10:00 AM – 3:00 AM,restaurant,"restaurant in 6th of October City, Giza, Egypt",restaurant,6 October core,ChIJPa_SBIJXWBQRzZkfGj7Ebfg
مندي أمراء العرب,PRICE_LEVEL_MODERATE,4.1,1063,OPERATIONAL,011 21005800,https://www.facebook.com/share/1EmeFHKDJN/,https://maps.google.com/?cid=7934941344975902543&g_mp=Cidnb29nbGUubWFwcy5wbGFjZXMudjEuUGxhY2VzLlNlYXJjaFRleHQQAhgEIAA,"سنتر العربي، شارع Practical Art Institute St, First 6th of October, قسم اول، Giza Governorate 12566, Egypt",29.9713633,30.9509641,restaurant,restaurant; food; point_of_interest; establishment,Monday: 11:00 AM – 12:30 AM | Tuesday: 11:00 AM – 12:30 AM | Wednesday: 11:00 AM – 12:30 AM | Thursday: 11:00 AM – 12:30 AM | Friday: 11:00 AM – 12:30 AM | Saturday: 11:00 AM – 12:30 AM | Sunday: 11:00 AM – 12:30 AM,restaurant,"restaurant in 6th of October City, Giza, Egypt",restaurant,6 October core,ChIJgR9gX_JWWBQRT1fZtByTHm4
Ayla's eatery,PRICE_LEVEL_MODERATE,4.1,541,OPERATIONAL,,https://instagram.com/aylaseatery?utm_medium=copy_link,https://maps.google.com/?cid=13223338661000172562&g_mp=Cidnb29nbGUubWFwcy5wbGFjZXMudjEuUGxhY2VzLlNlYXJjaFRleHQQAhgEIAA,"Waslet Dahshur Rd, First Al Sheikh Zayed, Giza Governorate 3241104, Egypt",30.025110599999998,30.968592800000003,restaurant,restaurant; food; point_of_interest; establishment,Monday: 9:00 AM – 1:00 AM | Tuesday: 9:00 AM – 1:00 AM | Wednesday: 9:00 AM – 1:00 AM | Thursday: 9:00 AM – 3:00 AM | Friday: 9:00 AM – 3:00 AM | Saturday: 9:00 AM – 1:00 AM | Sunday: 9:00 AM – 1:00 AM,restaurant,"restaurant in 6th of October City, Giza, Egypt",restaurant,Sheikh Zayed west,ChIJHylVjI5ZWBQREtSasXO8grc
رغيف عوف,PRICE_LEVEL_MODERATE,4.1,404,OPERATIONAL,015 51501003,https://www.facebook.com/RegheefOuf/,https://maps.google.com/?cid=16168099315751829994&g_mp=Cidnb29nbGUubWFwcy5wbGFjZXMudjEuUGxhY2VzLlNlYXJjaFRleHQQAhgEIAA,"XWRV+CV, First 6th of October, Giza Governorate 3238136, Egypt",29.9997483,30.9889832,restaurant,restaurant; food; point_of_interest; establishment,Monday: 1:00 PM – 2:00 AM | Tuesday: 1:00 PM – 2:00 AM | Wednesday: 1:00 PM – 2:00 AM | Thursday: 1:00 PM – 3:00 AM | Friday: 1:00 PM – 3:00 AM | Saturday: 1:00 PM – 2:00 AM | Sunday: 1:00 PM – 2:00 AM,restaurant,"restaurant in 6th of October City, Giza, Egypt",restaurant,Sheikh Zayed west,ChIJpfeAU91XWBQR6sGfWKqgYOA
Rosto,PRICE_LEVEL_MODERATE,4,5550,OPERATIONAL,010 23332733,,https://maps.google.com/?cid=16282652045215454960&g_mp=Cidnb29nbGUubWFwcy5wbGFjZXMudjEuUGxhY2VzLlNlYXJjaFRleHQQAhgEIAA,"2XVQ+M38, Unnamed Road, Second Al Sheikh Zayed, Giza Governorate 3243533, Egypt",30.0437545,30.987035699999996,restaurant,restaurant; food; point_of_interest; establishment,Monday: 12:30 PM – 2:00 AM | Tuesday: 12:30 PM – 2:00 AM | Wednesday: 12:30 PM – 2:00 AM | Thursday: 12:30 PM – 2:00 AM | Friday: 12:30 PM – 2:00 AM | Saturday: 12:30 PM – 2:00 AM | Sunday: 12:30 PM – 2:00 AM,restaurant,"restaurant in 6th of October City, Giza, Egypt",restaurant,Capital Business Park / Zayed,ChIJsRxj2ERbWBQR8NZaFMSZ9-E
Karam Alsham,PRICE_LEVEL_MODERATE,4,2508,OPERATIONAL,012 72162146,,https://maps.google.com/?cid=15271164726639669358&g_mp=Cidnb29nbGUubWFwcy5wbGFjZXMudjEuUGxhY2VzLlNlYXJjaFRleHQQAhgEIAA,"First 6th of October, Giza Governorate 3232030, Egypt",29.9736875,30.944562500000004,chicken_restaurant,chicken_restaurant; restaurant; food; point_of_interest; establishment,,restaurant,"restaurant in 6th of October City, Giza, Egypt",restaurant,6 October core,ChIJ2YcBJTlXWBQRbjDVpWgT7tM
El Menofy El Kababgy - Hafez El Menoufy October Branch,PRICE_LEVEL_MODERATE,4,2450,OPERATIONAL,011 12546531,,https://maps.google.com/?cid=8331384754220081555&g_mp=Cidnb29nbGUubWFwcy5wbGFjZXMudjEuUGxhY2VzLlNlYXJjaFRleHQQAhgEIAA,"357 Al Mehwar Al Markazi Al Nassr St, First 6th of October, Giza Governorate 12596, Egypt",29.968456399999997,30.939242,restaurant,restaurant; food; point_of_interest; establishment,Monday: 12:00 PM – 2:00 AM | Tuesday: 12:00 PM – 2:00 AM | Wednesday: 12:00 PM – 2:00 AM | Thursday: 12:00 PM – 2:00 AM | Friday: 12:00 PM – 2:00 AM | Saturday: 12:00 PM – 2:00 AM | Sunday: 12:00 PM – 2:00 AM,restaurant,"restaurant in 6th of October City, Giza, Egypt",restaurant,6 October core,ChIJG8WY3_lWWBQRk6Fk2koGn3M
Abu Khaled - أبو خالد‎,PRICE_LEVEL_MODERATE,4,835,OPERATIONAL,011 41336201,https://www.facebook.com/abu.khaled.restaurant.eg?mibextid=ZbWKwL,https://maps.google.com/?cid=1468377546630389585&g_mp=Cidnb29nbGUubWFwcy5wbGFjZXMudjEuUGxhY2VzLlNlYXJjaFRleHQQAhgEIAA,"شارع Al Mehwar Al Markazi, First 6th of October, Giza Governorate 3232030, Egypt",29.9732598,30.9452455,barbecue_restaurant,barbecue_restaurant; restaurant; food; point_of_interest; establishment,Monday: 11:00 AM – 11:00 PM | Tuesday: 11:00 AM – 11:00 PM | Wednesday: 11:00 AM – 11:00 PM | Thursday: 11:00 AM – 11:00 PM | Friday: 11:00 AM – 11:00 PM | Saturday: 11:00 AM – 11:00 PM | Sunday: 11:00 AM – 11:00 PM,restaurant,"restaurant in 6th of October City, Giza, Egypt",restaurant,6 October core,ChIJR7CwevdWWBQRUV8QT5m5YBQ
Kansas Fried Chicken,PRICE_LEVEL_MODERATE,4,663,OPERATIONAL,02 25997739,http://order.kansaschicken.com/,https://maps.google.com/?cid=13796693616704132891&g_mp=Cidnb29nbGUubWFwcy5wbGFjZXMudjEuUGxhY2VzLlNlYXJjaFRleHQQAhgEIAA,"Mall of Arabia, First 6th of October, Giza Governorate 3236220, Egypt",30.0052581,30.9726407,fast_food_restaurant,fast_food_restaurant; restaurant; food; point_of_interest; establishment,Monday: 10:00 AM – 12:00 AM | Tuesday: 10:00 AM – 12:00 AM | Wednesday: 10:00 AM – 12:00 AM | Thursday: 10:00 AM – 1:00 AM | Friday: 10:00 AM – 1:00 AM | Saturday: 10:00 AM – 12:00 AM | Sunday: 10:00 AM – 12:00 AM,restaurant,"restaurant in 6th of October City, Giza, Egypt",restaurant,Sheikh Zayed west,ChIJySXIWURXWBQRG5eMEr-zd78
أبو حسين العراقى,PRICE_LEVEL_MODERATE,4,614,OPERATIONAL,011 16290294,https://web.facebook.com/abo.hussien.iraqi,https://maps.google.com/?cid=4111041818752407379&g_mp=Cidnb29nbGUubWFwcy5wbGFjZXMudjEuUGxhY2VzLlNlYXJjaFRleHQQAhgEIAA,"Mecca El-Mokarrama, First 6th of October, Giza Governorate 3231423, Egypt",29.9798954,30.9419277,restaurant,restaurant; food; point_of_interest; establishment,Monday: 9:00 AM – 2:00 AM | Tuesday: 9:00 AM – 2:00 AM | Wednesday: 9:00 AM – 2:00 AM | Thursday: 9:00 AM – 2:00 AM | Friday: 9:00 AM – 2:00 AM | Saturday: 9:00 AM – 2:00 AM | Sunday: 9:00 AM – 2:00 AM,restaurant,"restaurant in 6th of October City, Giza, Egypt",restaurant,6 October core,ChIJiU5P84bQXhQRU1eDv8BaDTk
Melouk El Pizza,PRICE_LEVEL_MODERATE,4,445,OPERATIONAL,010 25150090,,https://maps.google.com/?cid=14325369734111395765&g_mp=Cidnb29nbGUubWFwcy5wbGFjZXMudjEuUGxhY2VzLlNlYXJjaFRleHQQAhgEIAA,"321- ش الخزان - الحي الرابع بجوار كاريزما للمفروشات, مطعم ملوك البيتزا, قسم أول 6 أكتوبر، قسم ثان 6 أكتوبر، محافظة الجيزة 12563, Egypt",29.956106,30.921058000000002,pizza_restaurant,pizza_restaurant; pastry_shop; dessert_shop; confectionery; bakery; food_store; store; restaurant; food; point_of_interest; establishment,Monday: 11:00 AM – 2:00 AM | Tuesday: 11:00 AM – 2:00 AM | Wednesday: 11:00 AM – 2:00 AM | Thursday: 11:00 AM – 2:00 AM | Friday: 11:00 AM – 2:00 AM | Saturday: 11:00 AM – 2:00 AM | Sunday: 11:00 AM – 2:00 AM,restaurant,"restaurant in 6th of October City, Giza, Egypt",restaurant,Sheikh Zayed west,ChIJ8Ub-BHNWWBQRtX_Xxd_vzcY
مطعم وكافيه قصر الشوق,PRICE_LEVEL_MODERATE,4,275,OPERATIONAL,,,https://maps.google.com/?cid=9639077935488668393&g_mp=Cidnb29nbGUubWFwcy5wbGFjZXMudjEuUGxhY2VzLlNlYXJjaFRleHQQAhgEIAA,"الحي الرابع، قسم أول 6 أكتوبر، اول 6 أكتوبر،، First 6th of October, 6th of October City (2), Giza Governorate 3225650, Egypt",29.9603596,30.9295221,japanese_izakaya_restaurant,japanese_izakaya_restaurant; japanese_restaurant; restaurant; food; point_of_interest; establishment,Monday: 9:00 AM – 2:01 AM | Tuesday: 9:00 AM – 2:01 AM | Wednesday: 9:00 AM – 2:01 AM | Thursday: 9:00 AM – 2:01 AM | Friday: 9:00 AM – 2:01 AM | Saturday: 9:00 AM – 2:01 AM | Sunday: 9:00 AM – 2:01 AM,restaurant,"restaurant in 6th of October City, Giza, Egypt",restaurant,6 October core,ChIJO9LPlKVXWBQR6ZIb80_ixIU
McDonald's - Zayed,PRICE_LEVEL_MODERATE,3.9,2282,OPERATIONAL,02 21600377,https://www.mcdonalds.eg/,https://maps.google.com/?cid=1174920596348938161&g_mp=Cidnb29nbGUubWFwcy5wbGFjZXMudjEuUGxhY2VzLlNlYXJjaFRleHQQAhgEIAA,"Dr Atef Sedky, مديبة, First Al Sheikh Zayed, Giza Governorate 3244401, Egypt",30.0305201,31.001752699999997,fast_food_restaurant,fast_food_restaurant; breakfast_restaurant; restaurant; food; point_of_interest; establishment,Monday: 11:00 AM – 1:00 AM | Tuesday: 11:00 AM – 1:00 AM | Wednesday: 11:00 AM – 1:00 AM | Thursday: 11:00 AM – 2:00 AM | Friday: 11:00 AM – 2:00 AM | Saturday: 11:00 AM – 1:00 AM | Sunday: 11:00 AM – 1:00 AM,restaurant,"restaurant in 6th of October City, Giza, Egypt",restaurant,Capital Business Park / Zayed,ChIJkUk1O49bWBQRsSersA4oThA
كبابجي الأزهر فرحات - الشيخ زايد,PRICE_LEVEL_MODERATE,3.9,2116,OPERATIONAL,010 32999000,https://kababgyfarahat.com/,https://maps.google.com/?cid=4833155630175374954&g_mp=Cidnb29nbGUubWFwcy5wbGFjZXMudjEuUGxhY2VzLlNlYXJjaFRleHQQAhgEIAA,"First 6th of October, Giza Governorate 3292301, Egypt",30.016537800000002,31.004886100000004,restaurant,restaurant; food; point_of_interest; establishment,Monday: 12:00 PM – 3:00 AM | Tuesday: 12:00 PM – 3:00 AM | Wednesday: 12:00 PM – 3:00 AM | Thursday: 12:00 PM – 3:00 AM | Friday: 12:00 PM – 3:00 AM | Saturday: 12:00 PM – 3:00 AM | Sunday: 12:00 PM – 3:00 AM,restaurant,"restaurant in 6th of October City, Giza, Egypt",restaurant,Sheikh Zayed west,ChIJB2tj1Y1bWBQRak7IQHDREkM
مطعم تنورين الاردن - بيت فارس,PRICE_LEVEL_MODERATE,3.9,366,OPERATIONAL,011 15757448,,https://maps.google.com/?cid=7333985264911863268&g_mp=Cidnb29nbGUubWFwcy5wbGFjZXMudjEuUGxhY2VzLlNlYXJjaFRleHQQAhgEIAA,"الفيومي، عماره ٤٠٠، First 6th of October, Giza Governorate 3232635, Egypt",29.975733299999998,30.952729700000003,restaurant,restaurant; food; point_of_interest; establishment,Monday: 11:30 AM – 11:00 PM | Tuesday: 11:30 AM – 11:00 PM | Wednesday: 11:30 AM – 11:00 PM | Thursday: 11:30 AM – 11:00 PM | Friday: 11:30 AM – 11:00 PM | Saturday: 11:30 AM – 11:00 PM | Sunday: 11:30 AM – 11:00 PM,restaurant,"restaurant in 6th of October City, Giza, Egypt",restaurant,6 October core,ChIJb32EpB1XWBQR5E0Fx72Mx2U
Saray Fatma,PRICE_LEVEL_MODERATE,3.9,258,OPERATIONAL,010 63610514,,https://maps.google.com/?cid=3331906658342727284&g_mp=Cidnb29nbGUubWFwcy5wbGFjZXMudjEuUGxhY2VzLlNlYXJjaFRleHQQAhgEIAA,"مول زايد 34, First Al Sheikh Zayed, Giza Governorate 3241105, Egypt",30.022049199999998,30.9709934,restaurant,restaurant; food; point_of_interest; establishment,Monday: 12:00 PM – 12:00 AM | Tuesday: 12:00 PM – 12:00 AM | Wednesday: 12:00 PM – 12:00 AM | Thursday: 12:00 PM – 2:00 AM | Friday: 12:00 PM – 2:00 AM | Saturday: 12:00 PM – 12:00 AM | Sunday: 12:00 PM – 12:00 AM,restaurant,"restaurant in 6th of October City, Giza, Egypt",restaurant,Sheikh Zayed west,ChIJ1Wy-sshZWBQRdO5G23NPPS4
مطعم و كباب العربي الشيخ زايد,PRICE_LEVEL_MODERATE,3.9,257,OPERATIONAL,02 38523042,,https://maps.google.com/?cid=5343008051919384684&g_mp=Cidnb29nbGUubWFwcy5wbGFjZXMudjEuUGxhY2VzLlNlYXJjaFRleHQQAhgEIAA,"Ahmed zewel, First Al Sheikh Zayed, Giza Governorate 3245411, Egypt",30.037169799999997,31.011013599999995,barbecue_restaurant,barbecue_restaurant; restaurant; food; point_of_interest; establishment,Monday: 10:00 AM – 1:00 AM | Tuesday: 10:00 AM – 1:00 AM | Wednesday: 10:00 AM – 1:00 AM | Thursday: 9:00 AM – 1:00 AM | Friday: 10:00 AM – 12:00 AM | Saturday: 10:00 AM – 1:00 AM | Sunday: 10:00 AM – 1:00 AM,restaurant,"restaurant in 6th of October City, Giza, Egypt",restaurant,Capital Business Park / Zayed,ChIJXfStfkdaWBQRbPC0xoMtJko
فطير الأنفوشي,PRICE_LEVEL_MODERATE,3.9,251,OPERATIONAL,011 26758202,,https://maps.google.com/?cid=7267293828904088145&g_mp=Cidnb29nbGUubWFwcy5wbGFjZXMudjEuUGxhY2VzLlNlYXJjaFRleHQQAhgEIAA,"شيل اوت بجوار دولفين مول، First 6th of October, Giza Governorate 3233404, Egypt",29.971442600000003,30.9610813,restaurant,restaurant; pizza_restaurant; food; point_of_interest; establishment,Monday: 11:00 AM – 1:00 AM | Tuesday: 11:00 AM – 1:00 AM | Wednesday: 11:00 AM – 1:00 AM | Thursday: 11:00 AM – 1:00 AM | Friday: 11:00 AM – 1:00 AM | Saturday: 11:00 AM – 1:00 AM | Sunday: 11:00 AM – 1:00 AM,restaurant,"restaurant in 6th of October City, Giza, Egypt",restaurant,6 October core,ChIJZ3VOvuVXWBQRUXI3zjud2mQ
KFC | Mall Of Arabia,PRICE_LEVEL_MODERATE,3.9,76,OPERATIONAL,0219019,https://egypt.kfc.me/,https://maps.google.com/?cid=1294906574486453711&g_mp=Cidnb29nbGUubWFwcy5wbGFjZXMudjEuUGxhY2VzLlNlYXJjaFRleHQQAhgEIAA,"26th of July Corridor, Al Giza Desert, 2X4F+73G، قسم أول 6 أكتوبر، محافظة الجيزة 3236220, Egypt",30.0056875,30.9726875,fast_food_restaurant,fast_food_restaurant; chicken_restaurant; restaurant; food; point_of_interest; establishment,Monday: 11:00 AM – 12:00 AM | Tuesday: 11:00 AM – 12:00 AM | Wednesday: 11:00 AM – 12:00 AM | Thursday: 11:00 AM – 12:00 AM | Friday: 11:00 AM – 12:00 AM | Saturday: 11:00 AM – 12:00 AM | Sunday: 11:00 AM – 12:00 AM,restaurant,"restaurant in 6th of October City, Giza, Egypt",restaurant,Sheikh Zayed west,ChIJWbTSnDtXWBQRzz2VNatu-BE
Pizza Hut | October Hosary,PRICE_LEVEL_MODERATE,3.8,835,OPERATIONAL,0219000,https://www.americanarestaurants.com/,https://maps.google.com/?cid=1374039589096471182&g_mp=Cidnb29nbGUubWFwcy5wbGFjZXMudjEuUGxhY2VzLlNlYXJjaFRleHQQAhgEIAA,"شارع Al Mehwar Al Markazi Al Nassr St, First 6th of October, Giza Governorate 3232412, Egypt",29.971709699999998,30.944391200000002,fast_food_restaurant,fast_food_restaurant; pizza_restaurant; restaurant; food; point_of_interest; establishment,Monday: 11:00 AM – 3:00 AM | Tuesday: 11:00 AM – 3:00 AM | Wednesday: 11:00 AM – 3:00 AM | Thursday: 11:00 AM – 3:00 AM | Friday: 11:00 AM – 3:00 AM | Saturday: 11:00 AM – 3:00 AM | Sunday: 11:00 AM – 3:00 AM,restaurant,"restaurant in 6th of October City, Giza, Egypt",restaurant,Sheikh Zayed west,ChIJbXF3rPdWWBQRjjpr77mRERM
Hadramout,PRICE_LEVEL_MODERATE,3.8,725,OPERATIONAL,010 01457787,,https://maps.google.com/?cid=8814041613274212240&g_mp=Cidnb29nbGUubWFwcy5wbGFjZXMudjEuUGxhY2VzLlNlYXJjaFRleHQQAhgEIAA,"22Q6+8V8, Street 39, First Al Sheikh Zayed, Giza Governorate 3245440, Egypt",30.0382862,31.0121942,restaurant,restaurant; food; point_of_interest; establishment,Monday: Open 24 hours | Tuesday: Open 24 hours | Wednesday: Open 24 hours | Thursday: Open 24 hours | Friday: Open 24 hours | Saturday: Open 24 hours | Sunday: Open 24 hours,restaurant,"restaurant in 6th of October City, Giza, Egypt",restaurant,Capital Business Park / Zayed,ChIJ6_f4vkdaWBQRkGe4AibEUXo
حمزة,PRICE_LEVEL_MODERATE,3.8,699,OPERATIONAL,010 65349783,,https://maps.google.com/?cid=17983762697640820058&g_mp=Cidnb29nbGUubWFwcy5wbGFjZXMudjEuUGxhY2VzLlNlYXJjaFRleHQQAhgEIAA,"XWGV+6HW, Divided from Al Mehwar, First 6th of October, Giza Governorate 12591, Egypt",29.975659600000004,30.9438907,restaurant,restaurant; food; point_of_interest; establishment,Monday: 1:00 PM – 2:00 AM | Tuesday: 1:00 PM – 2:00 AM | Wednesday: 1:00 PM – 2:00 AM | Thursday: 1:00 PM – 2:00 AM | Friday: 1:00 PM – 2:00 AM | Saturday: 1:00 PM – 2:00 AM | Sunday: 1:00 PM – 2:00 AM,restaurant,"restaurant in 6th of October City, Giza, Egypt",restaurant,6 October core,ChIJI98YnlFXWBQRWj3NNeQok_k
